Date,Time,FM,Ptch(rad),Roll(rad),Yaw(rad),RxBt(V),Curr(A),Capa(mAh),Bat%(%),1RSS(dB),2RSS(dB),RQly(%),RSNR(dB),ANT,RFMD,TPWR(mW),TRSS(dB),TQly(%),TSNR(dB),GPS,GSpd(kmh),Hdg(°),GAlt(m),Sats,Rud,Ele,Thr,Ail,P1,P2,P3,SA,SB,SC,SD,SE,SF,LSW,CH1(us),CH2(us),CH3(us),CH4(us),CH5(us),CH6(us),CH7(us),CH8(us),CH9(us),CH10(us),CH11(us),CH12(us),CH13(us),CH14(us),CH15(us),CH16(us),CH17(us),CH18(us),CH19(us),CH20(us),CH21(us),CH22(us),CH23(us),CH24(us),CH25(us),CH26(us),CH27(us),CH28(us),CH29(us),CH30(us),CH31(us),CH32(us),TxBat(V)
2026-08-05,14:47:46.430,"AIR",-0.01,-0.01,0.00,17.2,0.8,0,100,-34,0,100,13,0,27,100,-34,100,13,60.999820 24.365811,0.1,54.60,0,30,0,1,-1012,-1,-4,-3,-1024,1,0,1,1,-1,-1,0x0000000000000000,1500,1500,994,1500,2012,1500,2012,2012,988,988,1500,1500,1500,1500,1500,1500,1500,1500,1500,1500,1500,1500,1500,1500,1500,1500,1500,1500,1500,1500,1500,1500,8.1
2026-08-05,14:47:47.430,"AIR",-0.01,-0.03,0.00,17.2,1.4,1,99,-33,0,98,13,0,27,100,-34,98,13,60.999820 24.365812,0.1,54.60,0,30,-1,5,-461,-3,-4,-3,-1024,1,0,1,1,-1,-1,0x0000000000000000,1500,1500,1270,1500,2012,1500,2012,2012,988,988,1500,1500,1500,1500,1500,1500,1500,1500,1500,1500,1500,1500,1500,1500,1500,1500,1500,1500,1500,1500,1500,1500,8.1
2026-08-05,14:47:48.430,"AIR",0.08,-0.03,0.00,16.9,17.1,4,99,-30,0,97,12,0,27,100,-30,99,12,60.999821 24.365811,1.8,313.00,12,30,135,284,-344,0,-4,-3,-1024,1,0,1,1,-1,-1,0x0000000000000000,1500,1634,1328,1558,2012,1500,2012,2012,988,988,1500,1500,1500,1500,1500,1500,1500,1500,1500,1500,1500,1500,1500,1500,1500,1500,1500,1500,1500,1500,1500,1500,8.1
2026-08-05,14:47:49.430,"AIR",0.72,0.03,0.27,16.8,13.1,8,99,-32,0,99,13,0,27,100,-34,100,13,60.999834 24.365789,16.3,316.20,13,30,165,210,-267,144,-4,-3,-1024,1,0,1,1,-1,-1,0x0000000000000000,1563,1596,1367,1573,2012,1500,2012,2012,988,988,1500,1500,1500,1500,1500,1500,1500,1500,1500,1500,1500,1500,1500,1500,1500,1500,1500,1500,1500,1500,1500,1500,8.1
2026-08-05,14:47:50.430,"AIR",0.75,0.20,0.37,16.7,15.6,11,98,-38,0,99,13,0,27,100,-37,99,12,60.999893 24.365689,45.8,326.30,21,29,131,2,8,269,-4,-3,-1024,1,0,1,1,-1,-1,0x0000000000000000,1626,1500,1504,1556,2012,1500,2012,2012,988,988,1500,1500,1500,1500,1500,1500,1500,1500,1500,1500,1500,1500,1500,1500,1500,1500,1500,1500,1500,1500,1500,1500,8.1
2026-08-05,14:47:51.430,"AIR",0.74,0.28,0.61,16.6,12.6,16,98,-43,0,98,13,0,27,100,-46,98,13,60.999996 24.365591,65.4,-313.46,24,30,169,-70,-210,92,-4,-3,-1024,1,0,1,1,-1,-1,0x0000000000000000,1536,1475,1395,1575,2012,1500,2012,2012,988,988,1500,1500,1500,1500,1500,1500,1500,1500,1500,1500,1500,1500,1500,1500,1500,1500,1500,1500,1500,1500,1500,1500,8.1
2026-08-05,14:47:52.430,"AIR",0.57,0.19,0.88,16.6,14.8,21,97,-52,0,98,13,0,27,100,-55,100,13,61.000196 24.365522,69.1,-296.96,21,30,0,-12,-232,-174,-4,-3,-1024,1,0,1,1,-1,-1,0x0000000000000000,1422,1500,1384,1500,2012,1500,2012,2012,988,988,1500,1500,1500,1500,1500,1500,1500,1500,1500,1500,1500,1500,1500,1500,1500,1500,1500,1500,1500,1500,1500,1500,8.1
2026-08-05,14:47:53.430,"AIR",0.45,0.00,0.56,16.6,16.4,24,97,-52,0,99,12,0,27,100,-55,98,12,61.000387 24.365541,69.9,4.00,20,29,105,-99,-295,-40,-4,-3,-1024,1,0,1,1,-1,-1,0x0000000000000000,1490,1460,1353,1543,2012,1500,2012,2012,988,988,1500,1500,1500,1500,1500,1500,1500,1500,1500,1500,1500,1500,1500,1500,1500,1500,1500,1500,1500,1500,1500,1500,8.1
2026-08-05,14:47:54.430,"AIR",0.37,-0.06,0.43,16.6,13.1,27,96,-68,0,99,12,0,27,100,-68,99,12,61.000524 24.365557,67.4,2.40,18,30,63,12,-294,77,-4,-3,-1024,1,0,1,1,-1,-1,0x0000000000000000,1529,1500,1353,1521,2012,1500,2012,2012,988,988,1500,1500,1500,1500,1500,1500,1500,1500,1500,1500,1500,1500,1500,1500,1500,1500,1500,1500,1500,1500,1500,1500,8.1
2026-08-05,14:47:55.430,"AIR",0.41,0.00,0.37,16.6,11.5,30,96,-66,0,97,12,0,27,100,-66,98,13,61.000705 24.365574,64.8,4.10,18,30,124,44,-330,145,-4,-3,-1024,1,0,1,1,-1,-1,0x0000000000000000,1563,1512,1335,1553,2012,1500,2012,2012,988,988,1500,1500,1500,1500,1500,1500,1500,1500,1500,1500,1500,1500,1500,1500,1500,1500,1500,1500,1500,1500,1500,1500,8.1
2026-08-05,14:47:56.430,"AIR",0.47,0.10,0.47,16.7,8.8,33,96,-68,0,98,12,0,27,100,-71,99,11,61.000846 24.365602,60.4,8.60,17,30,124,5,-325,142,-4,-3,-1024,1,0,1,1,-1,-1,0x0000000000000000,1562,1500,1338,1553,2012,1500,2012,2012,988,988,1500,1500,1500,1500,1500,1500,1500,1500,1500,1500,1500,1500,1500,1500,1500,1500,1500,1500,1500,1500,1500,1500,8.1
2026-08-05,14:47:57.430,"AIR",0.53,0.18,0.76,16.6,11.4,37,95,-72,0,100,11,0,27,100,-73,99,9,61.001000 24.365690,56.4,24.80,19,30,139,100,-306,153,-4,-3,-1024,1,0,1,1,-1,-1,0x0000000000000000,1567,1540,1347,1560,2012,1500,2012,2012,988,988,1500,1500,1500,1500,1500,1500,1500,1500,1500,1500,1500,1500,1500,1500,1500,1500,1500,1500,1500,1500,1500,1500,8.1
2026-08-05,14:47:58.430,"AIR",0.61,0.31,0.97,16.7,10.0,39,95,-76,0,100,9,0,27,100,-78,99,2,61.001128 24.365863,55.6,41.10,19,30,113,-31,-205,95,-4,-3,-1024,1,0,1,1,-1,-1,0x0000000000000000,1538,1495,1398,1547,2012,1500,2012,2012,988,988,1500,1500,1500,1500,1500,1500,1500,1500,1500,1500,1500,1500,1500,1500,1500,1500,1500,1500,1500,1500,1500,1500,8.1
2026-08-05,14:47:59.430,"AIR",0.64,0.50,1.26,16.5,16.3,42,95,-79,0,98,7,0,27,100,-76,98,10,61.001206 24.366065,56.6,61.70,22,29,-265,-93,-8,-361,-4,-3,-1024,1,0,1,1,-1,-1,0x0000000000000000,1327,1463,1496,1376,2012,1500,2012,2012,988,988,1500,1500,1500,1500,1500,1500,1500,1500,1500,1500,1500,1500,1500,1500,1500,1500,1500,1500,1500,1500,1500,1500,8.1
2026-08-05,14:48:00.430,"AIR",0.48,0.08,0.60,16.3,22.2,50,94,-70,0,100,11,0,27,100,-66,99,13,61.001239 24.366316,59.4,81.20,28,30,-225,132,-59,-344,-4,-3,-1024,1,0,1,1,-1,-1,0x0000000000000000,1335,1557,1471,1396,2012,1500,2012,2012,988,988,1500,1500,1500,1500,1500,1500,1500,1500,1500,1500,1500,1500,1500,1500,1500,1500,1500,1500,1500,1500,1500,1500,8.1
2026-08-05,14:48:01.430,"AIR",0.94,-0.41,-0.50,16.3,21.1,54,93,-68,0,100,12,0,27,100,-80,99,8,61.001297 24.366622,54.9,46.70,26,29,-234,88,-261,-378,-4,-3,-1024,1,0,1,1,-1,-1,0x0000000000000000,1318,1534,1370,1391,2012,1500,2012,2012,988,988,1500,1500,1500,1500,1500,1500,1500,1500,1500,1500,1500,1500,1500,1500,1500,1500,1500,1500,1500,1500,1500,1500,8.1
2026-08-05,14:48:02.430,"AIR",1.25,-0.59,-1.96,16.5,10.7,59,93,-76,0,99,9,0,27,100,-71,99,11,61.001396 24.366697,41.1,-303.26,23,29,-51,-34,-274,-88,-4,-3,-1024,1,0,1,1,-1,-1,0x0000000000000000,1466,1493,1363,1485,2012,1500,2012,2012,988,988,1500,1500,1500,1500,1500,1500,1500,1500,1500,1500,1500,1500,1500,1500,1500,1500,1500,1500,1500,1500,1500,1500,8.1
2026-08-05,14:48:03.430,"AIR",0.91,-0.23,-2.54,16.3,19.8,63,92,-71,0,98,12,0,27,100,-69,98,13,61.001453 24.366614,22.1,286.60,26,29,-169,-76,-57,-52,-4,-3,-1024,1,0,1,1,-1,-1,0x0000000000000000,1484,1472,1472,1424,2012,1500,2012,2012,988,988,1500,1500,1500,1500,1500,1500,1500,1500,1500,1500,1500,1500,1500,1500,1500,1500,1500,1500,1500,1500,1500,1500,8.1
2026-08-05,14:48:04.430,"AIR",0.86,-0.23,-2.86,16.3,14.7,68,92,-70,0,99,12,0,27,100,-67,99,13,61.001407 24.366475,37.4,217.70,27,30,-35,-56,-270,-61,-4,-3,-1024,1,0,1,1,-1,-1,0x0000000000000000,1480,1482,1365,1493,2012,1500,2012,2012,988,988,1500,1500,1500,1500,1500,1500,1500,1500,1500,1500,1500,1500,1500,1500,1500,1500,1500,1500,1500,1500,1500,1500,8.1
2026-08-05,14:48:05.430,"AIR",0.78,-0.28,-2.95,16.4,13.2,71,91,-68,0,99,12,0,27,100,-66,99,13,61.001310 24.366388,39.7,189.40,22,29,45,-66,-153,240,-4,-3,-1024,1,0,1,1,-1,-1,0x0000000000000000,1612,1477,1424,1512,2012,1500,2012,2012,988,988,1500,1500,1500,1500,1500,1500,1500,1500,1500,1500,1500,1500,1500,1500,1500,1500,1500,1500,1500,1500,1500,1500,8.1
2026-08-05,14:48:06.430,"AIR",0.62,0.15,-2.82,16.3,15.8,74,91,-72,0,100,12,0,27,100,-77,100,9,61.001214 24.366380,44.6,180.20,22,29,243,5,-239,273,-4,-3,-1024,1,0,1,1,-1,-1,0x0000000000000000,1629,1500,1381,1613,2012,1500,2012,2012,988,988,1500,1500,1500,1500,1500,1500,1500,1500,1500,1500,1500,1500,1500,1500,1500,1500,1500,1500,1500,1500,1500,1500,8.1
2026-08-05,14:48:07.430,"AIR",0.71,0.28,-2.31,16.4,13.1,80,90,-75,0,99,12,0,27,100,-75,99,2,61.001109 24.366353,39.7,200.10,17,30,292,-79,-256,271,-4,-3,-1024,1,0,1,1,-1,-1,0x0000000000000000,1628,1470,1372,1638,2012,1500,2012,2012,988,988,1500,1500,1500,1500,1500,1500,1500,1500,1500,1500,1500,1500,1500,1500,1500,1500,1500,1500,1500,1500,1500,1500,8.1
2026-08-05,14:48:08.430,"AIR",0.92,0.37,-0.78,16.4,13.9,83,90,-80,0,100,9,0,27,100,-73,100,12,61.001046 24.366204,35.4,265.90,18,28,310,-144,-261,285,-4,-3,-1024,1,0,1,1,-1,-1,0x0000000000000000,1635,1437,1370,1647,2012,1500,2012,2012,988,988,1500,1500,1500,1500,1500,1500,1500,1500,1500,1500,1500,1500,1500,1500,1500,1500,1500,1500,1500,1500,1500,1500,8.1
2026-08-05,14:48:09.430,"AIR",0.83,0.07,0.50,16.4,13.5,88,89,-66,0,100,13,0,27,100,-73,100,8,61.001077 24.366080,36.4,326.40,18,29,239,-143,-239,333,-4,-3,-1024,1,0,1,1,-1,-1,0x0000000000000000,1659,1438,1381,1611,2012,1500,2012,2012,988,988,1500,1500,1500,1500,1500,1500,1500,1500,1500,1500,1500,1500,1500,1500,1500,1500,1500,1500,1500,1500,1500,1500,8.1
2026-08-05,14:48:10.430,"AIR",0.70,0.45,1.07,16.3,15.1,91,89,-78,0,100,9,0,27,100,-79,100,9,61.001169 24.366074,38.6,27.70,18,29,0,-65,-148,-55,-4,-3,-1024,1,0,1,1,-1,-1,0x0000000000000000,1483,1478,1426,1500,2012,1500,2012,2012,988,988,1500,1500,1500,1500,1500,1500,1500,1500,1500,1500,1500,1500,1500,1500,1500,1500,1500,1500,1500,1500,1500,1500,8.1
2026-08-05,14:48:11.430,"AIR",0.61,-0.08,0.86,16.3,16.0,95,88,-71,0,100,10,0,27,100,-66,100,9,61.001232 24.366285,47.2,75.30,21,29,-253,2,-372,-432,-4,-3,-1024,1,0,1,1,-1,-1,0x0000000000000000,1290,1500,1314,1382,2012,1500,2012,2012,988,988,1500,1500,1500,1500,1500,1500,1500,1500,1500,1500,1500,1500,1500,1500,1500,1500,1500,1500,1500,1500,1500,1500,8.1
2026-08-05,14:48:12.430,"AIR",0.70,-0.44,0.25,16.4,10.5,98,88,-66,0,100,12,0,27,100,-64,100,12,61.001272 24.366496,49.2,55.10,17,30,-341,-146,-371,-201,-4,-3,-1024,1,0,1,1,-1,-1,0x0000000000000000,1408,1436,1315,1337,2012,1500,2012,2012,988,988,1500,1500,1500,1500,1500,1500,1500,1500,1500,1500,1500,1500,1500,1500,1500,1500,1500,1500,1500,1500,1500,1500,8.1
2026-08-05,14:48:13.430,"AIR",0.70,-0.17,-0.85,16.5,7.5,101,88,-65,0,100,12,0,27,100,-82,100,9,61.001345 24.366631,49.1,30.60,15,30,-334,-58,-328,-269,-4,-2,-1024,1,0,1,1,-1,-1,0x0000000000000000,1373,1481,1336,1340,2012,1500,2012,2012,988,988,1500,1500,1500,1500,1500,1500,1500,1500,1500,1500,1500,1500,1500,1500,1500,1500,1500,1500,1500,1500,1500,1500,8.1
2026-08-05,14:48:14.430,"AIR",0.81,0.06,-2.05,16.3,16.9,105,87,-83,0,98,6,0,27,100,-77,100,11,61.001454 24.366699,30.7,-300.56,18,29,-183,2,-194,-217,-4,-3,-1024,1,0,1,1,-1,-1,0x0000000000000000,1400,1500,1403,1417,2012,1500,2012,2012,988,988,1500,1500,1500,1500,1500,1500,1500,1500,1500,1500,1500,1500,1500,1500,1500,1500,1500,1500,1500,1500,1500,1500,8.1
2026-08-05,14:48:15.430,"AIR",0.79,0.07,-2.26,16.3,13.6,108,87,-73,0,100,12,0,27,100,-72,99,10,61.001505 24.366587,27.1,281.50,17,30,-109,-22,-289,-101,-4,-3,-1024,1,0,1,1,-1,-1,0x0000000000000000,1459,1499,1356,1455,2012,1500,2012,2012,988,988,1500,1500,1500,1500,1500,1500,1500,1500,1500,1500,1500,1500,1500,1500,1500,1500,1500,1500,1500,1500,1500,1500,8.1
2026-08-05,14:48:16.430,"AIR",0.71,0.05,-2.43,16.3,12.6,112,86,-70,0,98,12,0,27,100,-67,98,11,61.001490 24.366467,27.8,238.70,19,30,-126,-86,-256,-126,-4,-3,-1024,1,0,1,1,-1,-1,0x0000000000000000,1446,1467,1372,1446,2012,1500,2012,2012,988,988,1500,1500,1500,1500,1500,1500,1500,1500,1500,1500,1500,1500,1500,1500,1500,1500,1500,1500,1500,1500,1500,1500,8.1
2026-08-05,14:48:17.430,"AIR",0.53,0.01,-2.63,16.3,13.1,115,86,-68,0,99,12,0,27,100,-68,100,12,61.001441 24.366372,32.9,210.70,18,30,-101,46,-260,-32,-4,-3,-1024,1,0,1,1,-1,-1,0x0000000000000000,1494,1513,1370,1459,2012,1500,2012,2012,988,988,1500,1500,1500,1500,1500,1500,1500,1500,1500,1500,1500,1500,1500,1500,1500,1500,1500,1500,1500,1500,1500,1500,8.1
2026-08-05,14:48:18.430,"AIR",0.54,0.09,-2.83,16.3,14.9,119,86,-69,0,98,12,0,27,100,-69,97,13,61.001322 24.366301,37.9,186.40,18,30,-36,-19,-241,-120,-4,-3,-1024,1,0,1,1,-1,-1,0x0000000000000000,1449,1500,1380,1492,2012,1500,2012,2012,988,988,1500,1500,1500,1500,1500,1500,1500,1500,1500,1500,1500,1500,1500,1500,1500,1500,1500,1500,1500,1500,1500,1500,8.1
2026-08-05,14:48:19.430,"AIR",0.45,0.01,-2.99,16.3,12.1,121,85,-72,0,98,12,0,27,100,-72,98,13,61.001255 24.366294,38.7,178.70,17,29,185,-116,-297,127,-4,-3,-1024,1,0,1,1,-1,-1,0x0000000000000000,1554,1452,1352,1584,2012,1500,2012,2012,988,988,1500,1500,1500,1500,1500,1500,1500,1500,1500,1500,1500,1500,1500,1500,1500,1500,1500,1500,1500,1500,1500,1500,8.1
2026-08-05,14:48:20.430,"AIR",0.37,0.15,-2.64,16.3,10.3,126,85,-70,0,98,12,0,27,100,-78,98,11,61.001170 24.366308,37.7,172.70,14,29,292,7,-380,317,-4,-3,-1024,1,0,1,1,-1,-1,0x0000000000000000,1651,1500,1310,1638,2012,1500,2012,2012,988,988,1500,1500,1500,1500,1500,1500,1500,1500,1500,1500,1500,1500,1500,1500,1500,1500,1500,1500,1500,1500,1500,1500,8.1
2026-08-05,14:48:21.430,"AIR",0.59,0.64,-1.94,16.3,10.5,128,84,-81,0,100,9,0,27,100,-80,99,8,61.001099 24.366315,31.0,187.20,14,30,254,-94,-330,132,-4,-3,-1024,1,0,1,1,-1,-1,0x0000000000000000,1557,1463,1335,1619,2012,1500,2012,2012,988,988,1500,1500,1500,1500,1500,1500,1500,1500,1500,1500,1500,1500,1500,1500,1500,1500,1500,1500,1500,1500,1500,1500,8.1
2026-08-05,14:48:22.430,"AIR",0.77,0.24,-0.61,16.3,10.8,131,84,-76,0,98,11,0,27,100,-72,99,12,61.001063 24.366189,28.3,287.70,14,30,304,-164,-373,300,-4,-3,-1024,1,0,1,1,-1,-1,0x0000000000000000,1642,1427,1314,1644,2012,1500,2012,2012,988,988,1500,1500,1500,1500,1500,1500,1500,1500,1500,1500,1500,1500,1500,1500,1500,1500,1500,1500,1500,1500,1500,1500,8.1
2026-08-05,14:48:23.430,"AIR",0.67,0.16,0.28,16.3,10.3,134,84,-69,0,98,12,0,27,100,-76,95,0,61.001105 24.366082,37.3,323.90,13,30,309,-161,-362,378,-4,-3,-1024,1,0,1,1,-1,-1,0x0000000000000000,1682,1429,1319,1647,2012,1500,2012,2012,988,988,1500,1500,1500,1500,1500,1500,1500,1500,1500,1500,1500,1500,1500,1500,1500,1500,1500,1500,1500,1500,1500,1500,8.1
2026-08-05,14:48:24.430,"AIR",0.63,0.38,1.24,16.3,13.4,137,83,-79,0,99,8,0,27,100,-71,100,1,61.001208 24.366041,33.3,20.80,15,30,126,-172,-164,267,-4,-3,-1024,1,0,1,1,-1,-1,0x0000000000000000,1625,1423,1418,1554,2012,1500,2012,2012,988,988,1500,1500,1500,1500,1500,1500,1500,1500,1500,1500,1500,1500,1500,1500,1500,1500,1500,1500,1500,1500,1500,1500,8.1
2026-08-05,14:48:25.430,"AIR",0.37,0.51,1.65,16.2,16.5,141,83,-75,0,99,11,0,27,100,-76,99,10,61.001250 24.366154,32.6,81.60,16,30,-202,-2,-269,-325,-4,-3,-1024,1,0,1,1,-1,-1,0x0000000000000000,1345,1500,1366,1408,2012,1500,2012,2012,988,988,1500,1500,1500,1500,1500,1500,1500,1500,1500,1500,1500,1500,1500,1500,1500,1500,1500,1500,1500,1500,1500,1500,8.1
2026-08-05,14:48:26.430,"AIR",0.33,-0.09,1.27,16.3,7.9,145,82,-68,0,98,11,0,27,100,-62,98,6,61.001241 24.366317,38.4,100.10,15,30,-252,164,-374,-219,-4,-3,-1024,1,0,1,1,-1,-1,0x0000000000000000,1399,1573,1313,1382,2012,1500,2012,2012,988,988,1500,1500,1500,1500,1500,1500,1500,1500,1500,1500,1500,1500,1500,1500,1500,1500,1500,1500,1500,1500,1500,1500,8.1
2026-08-05,14:48:27.430,"AIR",0.74,-0.22,0.20,16.3,10.9,147,82,-67,0,96,12,0,27,100,-66,96,7,61.001251 24.366541,35.6,62.50,16,30,-210,94,-307,-115,-4,-3,-1024,1,0,1,1,-1,-1,0x0000000000000000,1452,1537,1347,1404,2012,1500,2012,2012,988,988,1500,1500,1500,1500,1500,1500,1500,1500,1500,1500,1500,1500,1500,1500,1500,1500,1500,1500,1500,1500,1500,1500,8.1
2026-08-05,14:48:28.430,"AIR",0.85,0.03,-0.23,16.3,10.4,151,82,-69,0,99,12,0,27,100,-71,100,11,61.001303 24.366643,38.3,27.60,16,30,-300,100,-432,-228,-4,-3,-1024,1,0,1,1,-1,-1,0x0000000000000000,1394,1540,1284,1358,2012,1500,2012,2012,988,988,1500,1500,1500,1500,1500,1500,1500,1500,1500,1500,1500,1500,1500,1500,1500,1500,1500,1500,1500,1500,1500,1500,8.1
2026-08-05,14:48:29.430,"AIR",0.62,0.38,-1.32,16.3,7.5,153,82,-84,0,100,10,0,27,100,-81,99,10,61.001381 24.366690,43.1,7.00,15,30,-181,158,-386,-280,-4,-3,-1024,1,0,1,1,-1,-1,0x0000000000000000,1368,1570,1307,1418,2012,1500,2012,2012,988,988,1500,1500,1500,1500,1500,1500,1500,1500,1500,1500,1500,1500,1500,1500,1500,1500,1500,1500,1500,1500,1500,1500,8.1
2026-08-05,14:48:30.430,"AIR",0.69,0.07,-2.07,16.3,11.2,156,81,-72,0,95,12,0,27,100,-72,94,12,61.001498 24.366660,33.4,-321.16,15,30,-146,73,-207,-37,-4,-3,-1024,1,0,1,1,-1,-1,0x0000000000000000,1492,1527,1397,1436,2012,1500,2012,2012,988,988,1500,1500,1500,1500,1500,1500,1500,1500,1500,1500,1500,1500,1500,1500,1500,1500,1500,1500,1500,1500,1500,1500,8.1
2026-08-05,14:48:31.430,"AIR",0.73,0.33,-2.41,16.2,15.1,159,81,-72,0,97,12,0,27,100,-71,98,10,61.001538 24.366536,26.7,267.30,20,30,-181,117,-234,-88,-4,-2,-1024,1,0,1,1,-1,-1,0x0000000000000000,1466,1549,1383,1418,2012,1500,2012,2012,988,988,1500,1500,1500,1500,1500,1500,1500,1500,1500,1500,1500,1500,1500,1500,1500,1500,1500,1500,1500,1500,1500,1500,8.1
2026-08-05,14:48:32.430,"AIR",0.61,0.38,-2.90,16.2,13.3,164,80,-70,0,99,12,0,27,100,-71,100,12,61.001518 24.366417,33.5,242.40,21,30,-58,82,-137,-272,-4,-3,-1024,1,0,1,1,-1,-1,0x0000000000000000,1372,1531,1432,1481,2012,1500,2012,2012,988,988,1500,1500,1500,1500,1500,1500,1500,1500,1500,1500,1500,1500,1500,1500,1500,1500,1500,1500,1500,1500,1500,1500,8.1
2026-08-05,14:48:33.430,"AIR",0.67,0.09,-2.91,16.1,15.5,168,80,-70,0,99,12,0,27,100,-69,99,12,61.001477 24.366306,34.6,217.60,22,29,138,-123,-240,161,-3,-3,-1024,1,0,1,1,-1,-1,0x0000000000000000,1571,1448,1380,1560,2012,1500,2012,2012,988,988,1500,1500,1500,1500,1500,1500,1500,1500,1500,1500,1500,1500,1500,1500,1500,1500,1500,1500,1500,1500,1500,1500,8.1
2026-08-05,14:48:34.430,"AIR",0.64,0.25,-2.44,16.2,12.7,172,79,-68,0,97,13,0,27,100,-70,97,12,61.001370 24.366234,37.2,190.50,17,29,4,-154,-175,70,-4,-3,-1024,1,0,1,1,-1,-1,0x0000000000000000,1525,1432,1413,1500,2012,1500,2012,2012,988,988,1500,1500,1500,1500,1500,1500,1500,1500,1500,1500,1500,1500,1500,1500,1500,1500,1500,1500,1500,1500,1500,1500,8.1
2026-08-05,14:48:35.430,"AIR",0.50,0.26,-2.38,16.1,15.8,175,79,-71,0,96,12,0,27,100,-71,98,11,61.001294 24.366192,42.5,200.70,18,29,-230,15,-140,-173,-4,-3,-1024,1,0,1,1,-1,-1,0x0000000000000000,1422,1500,1430,1393,2012,1500,2012,2012,988,988,1500,1500,1500,1500,1500,1500,1500,1500,1500,1500,1500,1500,1500,1500,1500,1500,1500,1500,1500,1500,1500,1500,8.1
2026-08-05,14:48:36.430,"AIR",0.35,0.14,3.02,16.1,15.5,179,78,-72,0,99,12,0,27,100,-76,100,3,61.001159 24.366059,45.5,204.90,20,29,-344,142,-389,-291,-4,-3,-1024,1,0,1,1,-1,-1,0x0000000000000000,1362,1562,1306,1335,2012,1500,2012,2012,988,988,1500,1500,1500,1500,1500,1500,1500,1500,1500,1500,1500,1500,1500,1500,1500,1500,1500,1500,1500,1500,1500,1500,8.1
2026-08-05,14:48:37.430,"AIR",0.70,-0.16,2.13,16.2,9.1,183,78,-75,0,99,11,0,27,100,-76,99,4,61.001083 24.366006,32.7,188.40,14,29,-195,130,-339,-130,-4,-3,-1024,1,0,1,1,-1,-1,0x0000000000000000,1444,1556,1331,1411,2012,1500,2012,2012,988,988,1500,1500,1500,1500,1500,1500,1500,1500,1500,1500,1500,1500,1500,1500,1500,1500,1500,1500,1500,1500,1500,1500,8.1
2026-08-05,14:48:38.430,"AIR",0.82,0.02,1.70,16.1,13.4,186,78,-70,0,96,11,0,27,100,-65,100,13,61.001025 24.366061,22.7,104.70,16,30,-213,79,-273,-144,-4,-3,-1024,1,0,1,1,-1,-1,0x0000000000000000,1437,1530,1364,1402,2012,1500,2012,2012,988,988,1500,1500,1500,1500,1500,1500,1500,1500,1500,1500,1500,1500,1500,1500,1500,1500,1500,1500,1500,1500,1500,1500,8.1
2026-08-05,14:48:39.430,"AIR",0.68,0.18,0.68,16.2,8.3,189,77,-63,0,97,12,0,27,100,-63,98,12,61.001042 24.366193,36.2,61.80,15,30,-295,105,-471,-319,-4,-3,-1024,1,0,1,1,-1,-1,0x0000000000000000,1348,1543,1265,1360,2012,1500,2012,2012,988,988,1500,1500,1500,1500,1500,1500,1500,1500,1500,1500,1500,1500,1500,1500,1500,1500,1500,1500,1500,1500,1500,1500,8.1
2026-08-05,14:48:40.430,"AIR",0.61,-0.01,-0.24,16.3,7.4,191,77,-73,0,100,12,0,27,100,-78,100,10,61.001088 24.366311,35.6,38.20,13,30,-242,-17,-335,-211,-4,-3,-1024,1,0,1,1,-1,-1,0x0000000000000000,1403,1500,1333,1387,2012,1500,2012,2012,988,988,1500,1500,1500,1500,1500,1500,1500,1500,1500,1500,1500,1500,1500,1500,1500,1500,1500,1500,1500,1500,1500,1500,8.1
2026-08-05,14:48:41.430,"AIR",0.59,0.05,-0.72,16.1,15.1,194,77,-80,0,100,10,0,27,100,-81,100,10,61.001162 24.366359,23.2,-303.26,14,27,-242,-44,-302,-238,-4,-3,-1024,1,0,1,1,-1,-1,0x0000000000000000,1389,1488,1349,1387,2012,1500,2012,2012,988,988,1500,1500,1500,1500,1500,1500,1500,1500,1500,1500,1500,1500,1500,1500,1500,1500,1500,1500,1500,1500,1500,1500,8.1
2026-08-05,14:48:42.430,"AIR",0.60,-0.10,-1.53,16.1,11.4,197,76,-73,0,99,12,0,27,100,-73,100,11,61.001207 24.366254,28.1,287.60,14,29,-249,-1,-308,-169,-4,-3,-1024,1,0,1,1,-1,-1,0x0000000000000000,1424,1500,1346,1384,2012,1500,2012,2012,988,988,1500,1500,1500,1500,1500,1500,1500,1500,1500,1500,1500,1500,1500,1500,1500,1500,1500,1500,1500,1500,1500,1500,8.1
2026-08-05,14:48:43.430,"AIR",0.63,-0.03,-2.20,16.1,11.0,200,76,-69,0,100,12,0,27,100,-73,100,11,61.001203 24.366140,28.1,252.70,14,29,-273,-3,-324,-212,-4,-3,-1024,1,0,1,1,-1,-1,0x0000000000000000,1403,1500,1338,1371,2012,1500,2012,2012,988,988,1500,1500,1500,1500,1500,1500,1500,1500,1500,1500,1500,1500,1500,1500,1500,1500,1500,1500,1500,1500,1500,1500,8.1
2026-08-05,14:48:44.430,"AIR",0.64,0.02,-2.92,16.1,10.2,203,76,-76,0,100,12,0,27,100,-74,100,10,61.001167 24.366042,25.5,216.00,14,29,-265,4,-359,-163,-4,-3,-1024,1,0,1,1,-1,-1,0x0000000000000000,1428,1500,1321,1376,2012,1500,2012,2012,988,988,1500,1500,1500,1500,1500,1500,1500,1500,1500,1500,1500,1500,1500,1500,1500,1500,1500,1500,1500,1500,1500,1500,8.1
2026-08-05,14:48:45.430,"AIR",0.52,0.18,2.26,16.2,9.1,206,75,-77,0,100,10,0,27,100,-71,99,10,61.001099 24.366031,19.5,154.40,13,29,-256,46,-427,-214,-4,-3,-1024,1,0,1,1,-1,-1,0x0000000000000000,1402,1513,1287,1380,2012,1500,2012,2012,988,988,1500,1500,1500,1500,1500,1500,1500,1500,1500,1500,1500,1500,1500,1500,1500,1500,1500,1500,1500,1500,1500,1500,8.1
2026-08-05,14:48:46.430,"AIR",0.42,0.11,1.65,16.2,7.9,208,75,-67,0,99,12,0,27,100,-66,99,12,61.001073 24.366098,17.7,110.80,12,29,-46,-58,-320,-10,-4,-3,-1024,1,0,1,1,-1,-1,0x0000000000000000,1500,1481,1340,1488,2012,1500,2012,2012,988,988,1500,1500,1500,1500,1500,1500,1500,1500,1500,1500,1500,1500,1500,1500,1500,1500,1500,1500,1500,1500,1500,1500,8.1
2026-08-05,14:48:47.430,"AIR",0.36,0.12,1.49,16.1,10.3,211,75,-67,0,100,12,0,27,100,-67,100,12,61.001086 24.366199,20.7,51.70,12,30,-43,5,-332,-55,-4,-3,-1024,1,0,1,1,-1,-1,0x0000000000000000,1483,1500,1334,1489,2012,1500,2012,2012,988,988,1500,1500,1500,1500,1500,1500,1500,1500,1500,1500,1500,1500,1500,1500,1500,1500,1500,1500,1500,1500,1500,1500,8.1
2026-08-05,14:48:48.430,"AIR",0.39,0.09,1.31,16.1,8.6,213,74,-67,0,100,12,0,27,100,-65,100,12,61.001127 24.366271,27.6,34.70,12,30,103,50,-452,56,-4,-3,-1024,1,0,1,1,-1,-1,0x0000000000000000,1518,1514,1274,1542,2012,1500,2012,2012,988,988,1500,1500,1500,1500,1500,1500,1500,1500,1500,1500,1500,1500,1500,1500,1500,1500,1500,1500,1500,1500,1500,1500,8.1
2026-08-05,14:48:49.430,"AIR",0.40,0.33,1.45,16.2,6.4,215,74,-66,0,100,12,0,27,100,-68,100,11,61.001185 24.366340,33.3,27.90,10,30,130,-48,-385,126,-4,-3,-1024,1,0,1,1,-1,-1,0x0000000000000000,1554,1481,1313,1556,2012,1500,2012,2012,988,988,1500,1500,1500,1500,1500,1500,1500,1500,1500,1500,1500,1500,1500,1500,1500,1500,1500,1500,1500,1500,1500,1500,8.1
2026-08-05,14:48:50.430,"AIR",0.27,0.27,1.31,16.1,12.2,218,74,-71,0,100,11,0,27,100,-69,100,13,61.001264 24.366458,39.3,48.30,13,30,-381,2,-362,-277,-4,-3,-1024,1,0,1,1,-1,-1,0x0000000000000000,1369,1500,1319,1316,2012,1500,2012,2012,988,988,1500,1500,1500,1500,1500,1500,1500,1500,1500,1500,1500,1500,1500,1500,1500,1500,1500,1500,1500,1500,1500,1500,8.1
2026-08-05,14:48:51.430,"AIR",0.31,-0.09,0.53,16.2,7.1,221,74,-69,0,98,12,0,27,100,-79,100,11,61.001327 24.366621,38.3,48.90,10,30,-225,152,-478,-208,-4,-3,-1024,1,0,1,1,-1,-1,0x0000000000000000,1404,1567,1261,1396,2012,1500,2012,2012,988,988,1500,1500,1500,1500,1500,1500,1500,1500,1500,1500,1500,1500,1500,1500,1500,1500,1500,1500,1500,1500,1500,1500,8.1
2026-08-05,14:48:52.430,"AIR",0.48,-0.11,-0.01,16.1,10.5,223,73,-88,0,95,7,0,27,100,-83,99,10,61.001377 24.366714,30.0,28.00,13,29,-239,3,-294,-160,-4,-3,-1024,1,0,1,1,-1,-1,0x0000000000000000,1429,1500,1353,1389,2012,1500,2012,2012,988,988,1500,1500,1500,1500,1500,1500,1500,1500,1500,1500,1500,1500,1500,1500,1500,1500,1500,1500,1500,1500,1500,1500,8.1
2026-08-05,14:48:53.430,"AIR",0.56,-0.22,-0.78,16.1,11.1,226,73,-85,0,99,9,0,27,100,-81,97,11,61.001459 24.366717,27.8,-319.96,12,30,-264,-9,-305,-224,-4,-3,-1024,1,0,1,1,-1,-1,0x0000000000000000,1396,1500,1348,1376,2012,1500,2012,2012,988,988,1500,1500,1500,1500,1500,1500,1500,1500,1500,1500,1500,1500,1500,1500,1500,1500,1500,1500,1500,1500,1500,1500,8.1
2026-08-05,14:48:54.430,"AIR",0.69,-0.31,-1.40,16.0,13.4,230,72,-75,0,97,11,0,27,100,-75,94,12,61.001501 24.366624,27.4,296.00,13,30,-160,3,-238,-71,-4,-3,-1024,1,0,1,1,-1,-1,0x0000000000000000,1475,1500,1381,1429,2012,1500,2012,2012,988,988,1500,1500,1500,1500,1500,1500,1500,1500,1500,1500,1500,1500,1500,1500,1500,1500,1500,1500,1500,1500,1500,1500,8.1
2026-08-05,14:48:55.430,"AIR",0.76,-0.22,-1.72,16.0,13.6,233,72,-72,0,98,12,0,27,100,-69,98,12,61.001496 24.366507,28.4,242.50,16,30,-57,-3,-276,-140,-4,-3,-1024,1,0,1,1,-1,-1,0x0000000000000000,1439,1500,1362,1482,2012,1500,2012,2012,988,988,1500,1500,1500,1500,1500,1500,1500,1500,1500,1500,1500,1500,1500,1500,1500,1500,1500,1500,1500,1500,1500,1500,8.1
2026-08-05,14:48:56.430,"AIR",0.74,-0.15,-2.10,16.0,11.8,236,72,-69,0,98,12,0,27,100,-69,98,12,61.001423 24.366375,36.4,206.40,17,30,-110,-88,-249,-129,-4,-3,-1024,1,0,1,1,-1,-1,0x0000000000000000,1445,1466,1376,1455,2012,1500,2012,2012,988,988,1500,1500,1500,1500,1500,1500,1500,1500,1500,1500,1500,1500,1500,1500,1500,1500,1500,1500,1500,1500,1500,1500,8.1
2026-08-05,14:48:57.430,"AIR",0.55,-0.18,-2.52,16.0,11.8,240,71,-73,0,100,12,0,27,100,-82,95,10,61.001362 24.366326,39.8,196.00,16,30,53,-61,-202,115,-4,-3,-1024,1,0,1,1,-1,-1,0x0000000000000000,1548,1480,1399,1516,2012,1500,2012,2012,988,988,1500,1500,1500,1500,1500,1500,1500,1500,1500,1500,1500,1500,1500,1500,1500,1500,1500,1500,1500,1500,1500,1500,8.1
2026-08-05,14:48:58.430,"AIR",0.53,0.08,-2.45,16.0,12.4,243,71,-79,0,92,11,0,27,100,-71,98,12,61.001228 24.366313,42.2,171.10,13,30,253,6,-401,262,-4,-3,-1024,1,0,1,1,-1,-1,0x0000000000000000,1623,1500,1300,1618,2012,1500,2012,2012,988,988,1500,1500,1500,1500,1500,1500,1500,1500,1500,1500,1500,1500,1500,1500,1500,1500,1500,1500,1500,1500,1500,1500,8.1
2026-08-05,14:48:59.430,"AIR",0.56,0.41,-1.68,16.1,9.5,246,71,-79,0,99,11,0,27,100,-82,98,8,61.001139 24.366332,37.9,183.80,12,30,297,-174,-379,229,-4,-3,-1024,1,0,1,1,-1,-1,0x0000000000000000,1606,1422,1311,1641,2012,1500,2012,2012,988,988,1500,1500,1500,1500,1500,1500,1500,1500,1500,1500,1500,1500,1500,1500,1500,1500,1500,1500,1500,1500,1500,1500,8.1
2026-08-05,14:49:00.430,"AIR",0.46,0.20,-0.60,16.1,8.0,248,70,-84,0,98,9,0,27,100,-80,97,11,61.001063 24.366243,22.7,241.80,9,30,236,-234,-388,-120,-4,-3,-1024,1,0,1,1,-1,-1,0x0000000000000000,1449,1391,1306,1610,2012,1500,2012,2012,988,988,1500,1500,1500,1500,1500,1500,1500,1500,1500,1500,1500,1500,1500,1500,1500,1500,1500,1500,1500,1500,1500,1500,8.1
2026-08-05,14:49:01.430,"AIR",0.26,-0.05,0.10,16.1,7.3,250,70,-75,0,98,11,0,27,100,-72,96,7,61.001059 24.366155,21.0,276.00,8,30,200,31,-334,104,-4,-3,-1024,1,0,1,1,-1,-1,0x0000000000000000,1542,1505,1333,1591,2012,1500,2012,2012,988,988,1500,1500,1500,1500,1500,1500,1500,1500,1500,1500,1500,1500,1500,1500,1500,1500,1500,1500,1500,1500,1500,1500,8.1
2026-08-05,14:49:02.430,"AIR",0.26,-0.01,0.56,16.1,9.0,253,70,-74,0,96,12,0,27,100,-73,98,12,61.001084 24.366041,20.4,308.20,8,30,194,74,-382,276,-4,-3,-1024,1,0,1,1,-1,-1,0x0000000000000000,1630,1527,1309,1588,2012,1500,2012,2012,988,988,1500,1500,1500,1500,1500,1500,1500,1500,1500,1500,1500,1500,1500,1500,1500,1500,1500,1500,1500,1500,1500,1500,8.1
2026-08-05,14:49:03.430,"AIR",0.34,0.21,1.30,16.1,9.5,256,69,-73,0,98,11,0,27,100,-75,100,10,61.001118 24.365994,17.2,-310.46,7,30,100,-113,-303,91,-4,-3,-1024,1,0,1,1,-1,-1,0x0000000000000000,1536,1453,1349,1540,2012,1500,2012,2012,988,988,1500,1500,1500,1500,1500,1500,1500,1500,1500,1500,1500,1500,1500,1500,1500,1500,1500,1500,1500,1500,1500,1500,8.1
2026-08-05,14:49:04.430,"AIR",0.31,0.31,1.47,16.0,10.7,259,69,-76,0,98,10,0,27,100,-75,99,10,61.001163 24.366026,20.7,42.80,9,30,14,60,-325,-99,-4,-3,-1024,1,0,1,1,-1,-1,0x0000000000000000,1460,1520,1338,1500,2012,1500,2012,2012,988,988,1500,1500,1500,1500,1500,1500,1500,1500,1500,1500,1500,1500,1500,1500,1500,1500,1500,1500,1500,1500,1500,1500,8.1
2026-08-05,14:49:05.430,"AIR",0.33,0.10,1.54,16.0,11.1,262,69,-75,0,100,9,0,27,100,-71,96,9,61.001187 24.366107,25.8,67.60,11,30,-32,3,-311,-141,-4,-3,-1024,1,0,1,1,-1,-1,0x0000000000000000,1439,1500,1345,1494,2012,1500,2012,2012,988,988,1500,1500,1500,1500,1500,1500,1500,1500,1500,1500,1500,1500,1500,1500,1500,1500,1500,1500,1500,1500,1500,1500,8.1
2026-08-05,14:49:06.430,"AIR",0.33,0.01,1.43,16.0,11.2,265,68,-70,0,97,12,0,27,100,-66,97,10,61.001218 24.366278,33.0,64.70,14,30,-160,24,-318,-114,-4,-3,-1024,1,0,1,1,-1,-1,0x0000000000000000,1453,1502,1341,1429,2012,1500,2012,2012,988,988,1500,1500,1500,1500,1500,1500,1500,1500,1500,1500,1500,1500,1500,1500,1500,1500,1500,1500,1500,1500,1500,1500,8.1
2026-08-05,14:49:07.430,"AIR",0.40,-0.01,0.90,16.0,10.7,268,68,-66,0,99,12,0,27,100,-65,100,13,61.001252 24.366406,38.2,58.00,16,30,-248,-1,-339,-227,-4,-3,-1024,1,0,1,1,-1,-1,0x0000000000000000,1395,1500,1331,1384,2012,1500,2012,2012,988,988,1500,1500,1500,1500,1500,1500,1500,1500,1500,1500,1500,1500,1500,1500,1500,1500,1500,1500,1500,1500,1500,1500,8.1
2026-08-05,14:49:08.430,"AIR",0.43,-0.21,0.38,16.0,9.5,271,68,-66,0,98,12,0,27,100,-68,98,12,61.001335 24.366594,43.0,34.70,16,30,-330,-44,-369,-313,-4,-3,-1024,1,0,1,1,-1,-1,0x0000000000000000,1351,1488,1316,1342,2012,1500,2012,2012,988,988,1500,1500,1500,1500,1500,1500,1500,1500,1500,1500,1500,1500,1500,1500,1500,1500,1500,1500,1500,1500,1500,1500,8.1
2026-08-05,14:49:09.430,"AIR",0.89,-0.57,-1.07,16.0,9.9,274,67,-80,0,98,11,0,27,100,-77,95,7,61.001419 24.366655,36.0,-296.36,16,30,-259,-157,-293,-286,-4,-3,-1024,1,0,1,1,-1,-1,0x0000000000000000,1365,1431,1354,1379,2012,1500,2012,2012,988,988,1500,1500,1500,1500,1500,1500,1500,1500,1500,1500,1500,1500,1500,1500,1500,1500,1500,1500,1500,1500,1500,1500,8.1
2026-08-05,14:49:10.430,"AIR",0.91,-0.46,-1.82,15.9,13.8,277,67,-71,0,99,12,0,27,100,-75,100,12,61.001475 24.366609,27.0,316.10,16,30,-63,-265,-148,-1,-4,-3,-1024,1,0,1,1,-1,-1,0x0000000000000000,1500,1376,1426,1479,2012,1500,2012,2012,988,988,1500,1500,1500,1500,1500,1500,1500,1500,1500,1500,1500,1500,1500,1500,1500,1500,1500,1500,1500,1500,1500,1500,8.1
2026-08-05,14:49:11.430,"AIR",0.74,-0.20,-2.26,15.8,15.3,281,66,-73,0,98,12,0,27,100,-71,97,12,61.001471 24.366456,30.9,237.60,18,30,-119,2,-201,-134,-4,-3,-1024,1,0,1,1,-1,-1,0x0000000000000000,1442,1500,1400,1444,2012,1500,2012,2012,988,988,1500,1500,1500,1500,1500,1500,1500,1500,1500,1500,1500,1500,1500,1500,1500,1500,1500,1500,1500,1500,1500,1500,8.1
2026-08-05,14:49:12.430,"AIR",0.75,-0.31,-2.66,15.8,11.9,285,66,-69,0,100,12,0,27,100,-67,99,12,61.001420 24.366340,34.8,220.30,18,30,-127,-96,-277,-3,-4,-3,-1024,1,0,1,1,-1,-1,0x0000000000000000,1500,1462,1362,1446,2012,1500,2012,2012,988,988,1500,1500,1500,1500,1500,1500,1500,1500,1500,1500,1500,1500,1500,1500,1500,1500,1500,1500,1500,1500,1500,1500,8.1
2026-08-05,14:49:13.430,"AIR",0.67,-0.10,-3.11,15.9,11.8,287,66,-72,0,93,12,0,27,100,-72,93,11,61.001336 24.366263,34.6,185.10,17,30,-93,-56,-300,-44,-4,-3,-1024,1,0,1,1,-1,-1,0x0000000000000000,1488,1482,1350,1463,2012,1500,2012,2012,988,988,1500,1500,1500,1500,1500,1500,1500,1500,1500,1500,1500,1500,1500,1500,1500,1500,1500,1500,1500,1500,1500,1500,8.1
2026-08-05,14:49:14.430,"AIR",0.60,0.00,3.06,15.9,10.9,291,65,-73,0,97,12,0,27,100,-72,99,13,61.001244 24.366286,38.8,165.00,15,30,203,18,-230,244,-4,-3,-1024,1,0,1,1,-1,-1,0x0000000000000000,1614,1500,1385,1593,2012,1500,2012,2012,988,988,1500,1500,1500,1500,1500,1500,1500,1500,1500,1500,1500,1500,1500,1500,1500,1500,1500,1500,1500,1500,1500,1500,8.1
2026-08-05,14:49:15.430,"AIR",0.62,0.24,-2.71,15.8,14.3,294,65,-69,0,100,12,0,27,100,-78,98,9,61.001148 24.366342,40.3,169.50,15,30,326,17,-192,204,-4,-2,-1024,1,0,1,1,-1,-1,0x0000000000000000,1588,1500,1404,1656,2012,1500,2012,2012,988,988,1500,1500,1500,1500,1500,1500,1500,1500,1500,1500,1500,1500,1500,1500,1500,1500,1500,1500,1500,1500,1500,1500,8.1
2026-08-05,14:49:16.430,"AIR",0.88,0.06,-1.25,15.8,15.4,299,64,-82,0,99,8,0,27,100,-81,100,11,61.001067 24.366316,34.4,215.60,17,30,288,-33,-178,263,-4,-2,-1024,1,0,1,1,-1,-1,0x0000000000000000,1623,1494,1411,1636,2012,1500,2012,2012,988,988,1500,1500,1500,1500,1500,1500,1500,1500,1500,1500,1500,1500,1500,1500,1500,1500,1500,1500,1500,1500,1500,1500,8.1
2026-08-05,14:49:17.430,"AIR",0.81,-0.17,0.18,15.7,16.5,303,64,-64,0,96,13,0,27,100,-64,96,12,61.001048 24.366133,35.4,301.70,18,30,316,-24,-210,368,-4,-3,-1024,1,0,1,1,-1,-1,0x0000000000000000,1677,1498,1395,1650,2012,1500,2012,2012,988,988,1500,1500,1500,1500,1500,1500,1500,1500,1500,1500,1500,1500,1500,1500,1500,1500,1500,1500,1500,1500,1500,1500,8.1
2026-08-05,14:49:18.430,"AIR",0.76,0.24,0.87,15.8,7.2,307,63,-70,0,99,12,0,27,100,-78,98,1,61.001119 24.366047,37.8,-300.96,16,30,244,-153,-372,253,-4,-3,-1024,1,0,1,1,-1,-1,0x0000000000000000,1618,1433,1314,1614,2012,1500,2012,2012,988,988,1500,1500,1500,1500,1500,1500,1500,1500,1500,1500,1500,1500,1500,1500,1500,1500,1500,1500,1500,1500,1500,1500,8.1
2026-08-05,14:49:19.430,"AIR",0.71,0.32,1.61,15.9,9.6,309,63,-74,0,100,12,0,27,100,-74,97,3,61.001198 24.366106,26.9,50.20,16,30,204,-143,-324,156,-4,-3,-1024,1,0,1,1,-1,-1,0x0000000000000000,1569,1438,1338,1593,2012,1500,2012,2012,988,988,1500,1500,1500,1500,1500,1500,1500,1500,1500,1500,1500,1500,1500,1500,1500,1500,1500,1500,1500,1500,1500,1500,8.1
2026-08-05,14:49:20.430,"AIR",0.58,0.39,2.37,15.8,11.5,313,63,-72,0,100,12,0,27,100,-69,99,13,61.001210 24.366221,25.5,97.10,15,30,204,-94,-317,-32,-4,-3,-1024,1,0,1,1,-1,-1,0x0000000000000000,1494,1463,1342,1593,2012,1500,2012,2012,988,988,1500,1500,1500,1500,1500,1500,1500,1500,1500,1500,1500,1500,1500,1500,1500,1500,1500,1500,1500,1500,1500,1500,8.1
2026-08-05,14:49:21.430,"AIR",0.63,0.21,2.82,15.8,11.4,315,62,-68,0,97,13,0,27,100,-66,98,13,61.001168 24.366323,26.1,153.50,14,30,251,0,-264,227,-4,-3,-1024,1,0,1,1,-1,-1,0x0000000000000000,1605,1500,1368,1617,2012,1500,2012,2012,988,988,1500,1500,1500,1500,1500,1500,1500,1500,1500,1500,1500,1500,1500,1500,1500,1500,1500,1500,1500,1500,1500,1500,8.1
2026-08-05,14:49:22.430,"AIR",0.76,0.35,-2.48,15.8,12.7,320,62,-73,0,100,12,0,27,100,-75,99,10,61.001106 24.366339,29.2,190.30,15,30,237,-70,-263,246,-4,-3,-1024,1,0,1,1,-1,-1,0x0000000000000000,1615,1475,1368,1610,2012,1500,2012,2012,988,988,1500,1500,1500,1500,1500,1500,1500,1500,1500,1500,1500,1500,1500,1500,1500,1500,1500,1500,1500,1500,1500,1500,8.1
2026-08-05,14:49:23.430,"AIR",0.82,0.37,-1.72,15.8,12.6,323,62,-78,0,98,12,0,27,100,-64,98,13,61.001061 24.366275,27.9,238.20,16,30,351,-211,-347,281,-4,-3,-1024,1,0,1,1,-1,-1,0x0000000000000000,1633,1403,1327,1668,2012,1500,2012,2012,988,988,1500,1500,1500,1500,1500,1500,1500,1500,1500,1500,1500,1500,1500,1500,1500,1500,1500,1500,1500,1500,1500,1500,8.1
2026-08-05,14:49:24.430,"AIR",0.69,0.02,0.07,15.8,8.3,326,61,-64,0,100,12,0,27,100,-69,100,10,61.001078 24.366104,30.9,314.00,14,30,374,-58,-426,204,-4,-3,-1024,1,0,1,1,-1,-1,0x0000000000000000,1593,1481,1287,1680,2012,1500,2012,2012,988,988,1500,1500,1500,1500,1500,1500,1500,1500,1500,1500,1500,1500,1500,1500,1500,1500,1500,1500,1500,1500,1500,1500,8.1
2026-08-05,14:49:25.430,"AIR",0.34,-0.06,1.42,15.9,8.6,328,61,-80,0,98,6,0,27,100,-80,100,8,61.001136 24.366050,28.1,-300.26,14,30,98,0,-539,375,-4,-3,-1024,1,0,1,1,-1,-1,0x0000000000000000,1681,1500,1231,1533,2012,1500,2012,2012,988,988,1500,1500,1500,1500,1500,1500,1500,1500,1500,1500,1500,1500,1500,1500,1500,1500,1500,1500,1500,1500,1500,1500,8.1
2026-08-05,14:49:26.430,"AIR",0.33,0.45,1.57,15.9,8.5,330,61,-84,0,100,8,0,27,100,-85,100,9,61.001191 24.366079,21.0,27.30,10,30,-139,-129,118,-266,-4,-3,-1024,1,0,1,1,-1,-1,0x0000000000000000,1375,1445,1559,1440,2012,1500,2012,2012,988,988,1500,1500,1500,1500,1500,1500,1500,1500,1500,1500,1500,1500,1500,1500,1500,1500,1500,1500,1500,1500,1500,1500,8.1
2026-08-05,14:49:27.430,"AIR",0.27,0.04,1.54,15.5,25.4,335,60,-86,0,89,3,0,27,100,-80,100,11,61.001202 24.366191,30.3,107.30,15,30,292,-80,-253,294,-4,-3,-1024,1,0,1,1,-1,-1,0x0000000000000000,1639,1470,1374,1638,2012,1500,2012,2012,988,988,1500,1500,1500,1500,1500,1500,1500,1500,1500,1500,1500,1500,1500,1500,1500,1500,1500,1500,1500,1500,1500,1500,8.1
2026-08-05,14:49:28.430,"AIR",0.50,0.45,2.51,15.7,15.4,340,60,-82,0,100,8,0,27,100,-68,98,11,61.001180 24.366326,35.0,112.70,16,30,312,69,-201,281,-4,-3,-1024,1,0,1,1,-1,-1,0x0000000000000000,1633,1524,1400,1648,2012,1500,2012,2012,988,988,1500,1500,1500,1500,1500,1500,1500,1500,1500,1500,1500,1500,1500,1500,1500,1500,1500,1500,1500,1500,1500,1500,8.1
2026-08-05,14:49:29.430,"AIR",0.91,0.69,-2.96,15.7,14.0,343,59,-71,0,97,12,0,27,100,-70,98,8,61.001116 24.366426,24.9,187.10,20,30,189,-136,-153,180,-4,-3,-1024,1,0,1,1,-1,-1,0x0000000000000000,1581,1441,1424,1586,2012,1500,2012,2012,988,988,1500,1500,1500,1500,1500,1500,1500,1500,1500,1500,1500,1500,1500,1500,1500,1500,1500,1500,1500,1500,1500,1500,8.1
2026-08-05,14:49:30.430,"AIR",0.94,0.41,-2.19,15.6,12.8,349,58,-82,0,95,10,0,27,100,-81,97,10,61.001077 24.366321,37.7,257.50,23,30,74,-50,-279,79,-4,-3,-1024,1,0,1,1,-1,-1,0x0000000000000000,1530,1485,1361,1527,2012,1500,2012,2012,988,988,1500,1500,1500,1500,1500,1500,1500,1500,1500,1500,1500,1500,1500,1500,1500,1500,1500,1500,1500,1500,1500,1500,8.1
2026-08-05,14:49:31.430,"AIR",0.76,0.60,-2.49,15.8,4.0,350,58,-84,0,91,6,0,27,100,-78,99,11,61.001073 24.366149,44.2,275.30,20,29,-39,155,-232,-420,-4,-3,-1024,1,0,1,1,-1,-1,0x0000000000000000,1296,1568,1384,1491,2012,1500,2012,2012,988,988,1500,1500,1500,1500,1500,1500,1500,1500,1500,1500,1500,1500,1500,1500,1500,1500,1500,1500,1500,1500,1500,1500,8.1
2026-08-05,14:49:32.430,"AIR",0.74,0.35,2.96,15.7,17.7,353,58,-73,0,94,11,0,27,100,-68,95,13,61.001089 24.365885,41.0,268.60,23,30,-11,163,-81,-73,-4,-3,-1024,1,0,1,1,-1,-1,0x0000000000000000,1473,1572,1460,1500,2012,1500,2012,2012,988,988,1500,1500,1500,1500,1500,1500,1500,1500,1500,1500,1500,1500,1500,1500,1500,1500,1500,1500,1500,1500,1500,1500,8.1
2026-08-05,14:49:33.430,"AIR",0.84,0.28,2.88,15.5,18.6,359,57,-71,0,97,12,0,27,100,-72,97,11,61.001064 24.365706,41.0,240.20,27,30,-26,-161,-83,-45,-4,-3,-1024,1,0,1,1,-1,-1,0x0000000000000000,1488,1429,1459,1497,2012,1500,2012,2012,988,988,1500,1500,1500,1500,1500,1500,1500,1500,1500,1500,1500,1500,1500,1500,1500,1500,1500,1500,1500,1500,1500,1500,8.1
2026-08-05,14:49:34.430,"AIR",0.58,0.17,3.00,15.5,17.1,363,57,-76,0,97,11,0,27,100,-72,97,12,61.000988 24.365522,42.7,222.10,26,30,-16,-82,-82,-55,-3,-3,-1024,1,0,1,1,-1,-1,0x0000000000000000,1483,1469,1459,1500,2012,1500,2012,2012,988,988,1500,1500,1500,1500,1500,1500,1500,1500,1500,1500,1500,1500,1500,1500,1500,1500,1500,1500,1500,1500,1500,1500,8.1
2026-08-05,14:49:35.430,"AIR",0.51,0.14,-3.11,15.5,17.1,368,56,-72,0,99,12,0,27,100,-71,99,10,61.000915 24.365400,40.6,215.10,26,30,-2,20,-154,86,-4,-3,-1024,1,0,1,1,-1,-1,0x0000000000000000,1533,1500,1423,1500,2012,1500,2012,2012,988,988,1500,1500,1500,1500,1500,1500,1500,1500,1500,1500,1500,1500,1500,1500,1500,1500,1500,1500,1500,1500,1500,1500,8.1
2026-08-05,14:49:36.430,"AIR",0.40,0.17,-2.94,15.5,15.1,371,56,-71,0,99,12,0,27,100,-74,96,11,61.000825 24.365279,37.3,212.10,26,30,-2,-4,-124,670,-4,-3,-1024,1,0,1,1,-1,-1,0x0000000000000000,1831,1500,1438,1500,2012,1500,2012,2012,988,988,1500,1500,1500,1500,1500,1500,1500,1500,1500,1500,1500,1500,1500,1500,1500,1500,1500,1500,1500,1500,1500,1500,8.1
2026-08-05,14:49:37.430,"AIR",0.45,-0.15,-2.80,15.5,18.0,377,55,-71,0,97,12,0,27,100,-71,97,12,61.000759 24.365181,34.4,232.10,29,30,-1,0,-140,140,-4,-3,-1024,1,0,1,1,-1,-1,0x0000000000000000,1561,1500,1430,1500,2012,1500,2012,2012,988,988,1500,1500,1500,1500,1500,1500,1500,1500,1500,1500,1500,1500,1500,1500,1500,1500,1500,1500,1500,1500,1500,1500,8.1
2026-08-05,14:49:38.430,"AIR",0.52,0.07,-2.67,15.5,14.8,382,55,-69,0,98,12,0,27,100,-69,97,12,61.000702 24.365070,32.0,221.40,24,30,-1,-167,-147,-2,-4,-3,-1024,1,0,1,1,-1,-1,0x0000000000000000,1500,1426,1427,1500,2012,1500,2012,2012,988,988,1500,1500,1500,1500,1500,1500,1500,1500,1500,1500,1500,1500,1500,1500,1500,1500,1500,1500,1500,1500,1500,1500,8.1
2026-08-05,14:49:39.430,"AIR",0.34,0.09,-2.57,15.5,14.4,386,54,-71,0,99,12,0,27,100,-73,97,6,61.000628 24.364952,33.9,216.00,25,30,-1,120,-155,1,-4,-3,-1024,1,0,1,1,-1,-1,0x0000000000000000,1500,1550,1423,1500,2012,1500,2012,2012,988,988,1500,1500,1500,1500,1500,1500,1500,1500,1500,1500,1500,1500,1500,1500,1500,1500,1500,1500,1500,1500,1500,1500,8.1
2026-08-05,14:49:40.430,"AIR",0.43,-1.99,-2.61,15.5,16.8,391,54,-66,0,94,12,0,27,100,-65,96,-3,61.000569 24.364858,32.9,215.10,29,30,1,-79,-146,-768,-4,-3,-1024,1,0,1,1,-1,-1,0x0000000000000000,1119,1470,1427,1500,2012,1500,2012,2012,988,988,1500,1500,1500,1500,1500,1500,1500,1500,1500,1500,1500,1500,1500,1500,1500,1500,1500,1500,1500,1500,1500,1500,8.1
2026-08-05,14:49:41.430,"AIR",0.49,0.23,-2.62,15.4,15.2,394,53,-75,0,98,11,0,27,100,-65,98,13,61.000523 24.364802,23.3,263.60,23,29,7,4,-112,-215,-4,-3,-1024,1,0,1,1,-1,-1,0x0000000000000000,1401,1500,1444,1500,2012,1500,2012,2012,988,988,1500,1500,1500,1500,1500,1500,1500,1500,1500,1500,1500,1500,1500,1500,1500,1500,1500,1500,1500,1500,1500,1500,8.1
2026-08-05,14:49:42.430,"AIR",0.53,-0.15,-2.42,15.4,15.6,400,52,-66,0,97,12,0,27,100,-67,98,13,61.000505 24.364692,31.2,238.00,20,29,-28,-46,-222,-10,-4,-3,-1024,1,0,1,1,-1,-1,0x0000000000000000,1500,1487,1389,1496,2012,1500,2012,2012,988,988,1500,1500,1500,1500,1500,1500,1500,1500,1500,1500,1500,1500,1500,1500,1500,1500,1500,1500,1500,1500,1500,1500,8.1
2026-08-05,14:49:43.430,"AIR",0.51,-0.10,-2.52,15.5,11.1,403,52,-68,0,99,12,0,27,100,-71,97,12,61.000436 24.364587,33.2,202.40,18,28,-67,4,-279,70,-4,-3,-1024,1,0,1,1,-1,-1,0x0000000000000000,1525,1500,1361,1477,2012,1500,2012,2012,988,988,1500,1500,1500,1500,1500,1500,1500,1500,1500,1500,1500,1500,1500,1500,1500,1500,1500,1500,1500,1500,1500,1500,8.1
2026-08-05,14:49:44.430,"AIR",0.50,-0.03,-2.71,15.6,10.7,406,52,-79,0,93,10,0,27,100,-79,97,11,61.000346 24.364533,34.9,193.10,15,29,0,0,-188,80,-4,-3,-1024,1,0,1,1,-1,-1,0x0000000000000000,1530,1500,1406,1500,2012,1500,2012,2012,988,988,1500,1500,1500,1500,1500,1500,1500,1500,1500,1500,1500,1500,1500,1500,1500,1500,1500,1500,1500,1500,1500,1500,8.1
2026-08-05,14:49:45.430,"AIR",0.46,0.13,-2.84,15.5,17.1,411,51,-74,0,97,11,0,27,100,-71,97,12,61.000266 24.364497,38.3,193.30,17,30,1,34,-273,63,-4,-3,-1024,1,0,1,1,-1,-1,0x0000000000000000,1521,1507,1364,1500,2012,1500,2012,2012,988,988,1500,1500,1500,1500,1500,1500,1500,1500,1500,1500,1500,1500,1500,1500,1500,1500,1500,1500,1500,1500,1500,1500,8.1
2026-08-05,14:49:46.430,"AIR",0.50,0.15,-2.76,15.5,10.6,413,51,-71,0,95,12,0,27,100,-72,98,8,61.000172 24.364440,38.1,199.50,16,30,45,1,-264,-18,-4,-3,-1024,1,0,1,1,-1,-1,0x0000000000000000,1500,1500,1368,1512,2012,1500,2012,2012,988,988,1500,1500,1500,1500,1500,1500,1500,1500,1500,1500,1500,1500,1500,1500,1500,1500,1500,1500,1500,1500,1500,1500,8.1
2026-08-05,14:49:47.430,"AIR",0.50,0.08,-2.72,15.6,12.4,416,51,-70,0,98,12,0,27,100,-68,96,12,61.000103 24.364380,37.8,207.00,16,30,27,-2,-237,-7,-4,-3,-1024,1,0,1,1,-1,-1,0x0000000000000000,1500,1500,1382,1503,2012,1500,2012,2012,988,988,1500,1500,1500,1500,1500,1500,1500,1500,1500,1500,1500,1500,1500,1500,1500,1500,1500,1500,1500,1500,1500,1500,8.1
2026-08-05,14:49:48.430,"AIR",0.49,0.00,-2.61,15.5,11.4,420,50,-67,0,96,12,0,27,100,-67,97,12,61.000005 24.364264,38.9,211.60,16,30,10,3,-228,-85,-4,-3,-1024,1,0,1,1,-1,-1,0x0000000000000000,1467,1500,1386,1500,2012,1500,2012,2012,988,988,1500,1500,1500,1500,1500,1500,1500,1500,1500,1500,1500,1500,1500,1500,1500,1500,1500,1500,1500,1500,1500,1500,8.1
2026-08-05,14:49:49.430,"AIR",0.50,-0.03,-2.61,15.5,13.5,423,50,-66,0,97,12,0,27,100,-65,97,11,60.999910 24.364144,41.7,209.60,17,30,76,0,-312,1,-4,-3,-1024,1,0,1,1,-1,-1,0x0000000000000000,1500,1500,1344,1528,2012,1500,2012,2012,988,988,1500,1500,1500,1500,1500,1500,1500,1500,1500,1500,1500,1500,1500,1500,1500,1500,1500,1500,1500,1500,1500,1500,8.1
2026-08-05,14:49:50.430,"AIR",0.50,-0.05,-2.61,15.5,11.0,427,49,-57,0,99,13,0,27,100,-52,99,12,60.999837 24.364063,41.9,207.60,16,30,56,-44,-228,247,-4,-3,-1024,1,0,1,1,-1,-1,0x0000000000000000,1615,1488,1386,1518,2012,1500,2012,2012,988,988,1500,1500,1500,1500,1500,1500,1500,1500,1500,1500,1500,1500,1500,1500,1500,1500,1500,1500,1500,1500,1500,1500,8.1
2026-08-05,14:49:51.430,"AIR",0.46,0.03,-2.58,15.5,11.0,431,49,-50,0,97,13,0,27,100,-46,96,6,60.999735 24.363950,42.0,211.70,17,30,3,-1,-223,-104,-4,-3,-1024,1,0,1,1,-1,-1,0x0000000000000000,1458,1500,1389,1500,2012,1500,2012,2012,988,988,1500,1500,1500,1500,1500,1500,1500,1500,1500,1500,1500,1500,1500,1500,1500,1500,1500,1500,1500,1500,1500,1500,8.1
2026-08-05,14:49:52.430,"AIR",0.47,-0.08,-2.54,15.5,14.3,433,49,-49,0,98,13,0,27,100,-49,99,13,60.999642 24.363817,41.2,215.40,18,30,0,0,-415,-2,-4,-3,-1024,1,0,1,1,-1,-1,0x0000000000000000,1500,1500,1293,1500,2012,1500,2012,2012,988,988,1500,1500,1500,1500,1500,1500,1500,1500,1500,1500,1500,1500,1500,1500,1500,1500,1500,1500,1500,1500,1500,1500,8.1
2026-08-05,14:49:53.430,"AIR",0.46,-0.06,-2.53,15.5,9.9,437,48,-49,0,98,12,0,27,100,-47,98,11,60.999577 24.363721,38.8,216.10,15,30,1,-75,-323,-1,-4,-3,-1024,1,0,1,1,-1,-1,0x0000000000000000,1500,1472,1339,1500,2012,1500,2012,2012,988,988,1500,1500,1500,1500,1500,1500,1500,1500,1500,1500,1500,1500,1500,1500,1500,1500,1500,1500,1500,1500,1500,1500,8.1
2026-08-05,14:49:54.430,"AIR",0.43,-0.11,-2.50,15.5,13.0,440,48,-50,0,99,13,0,27,100,-50,99,13,60.999493 24.363589,39.5,217.00,16,30,-1,65,-235,-90,-4,-3,-1024,1,0,1,1,-1,-1,0x0000000000000000,1465,1522,1383,1500,2012,1500,2012,2012,988,988,1500,1500,1500,1500,1500,1500,1500,1500,1500,1500,1500,1500,1500,1500,1500,1500,1500,1500,1500,1500,1500,1500,8.1
2026-08-05,14:49:55.430,"AIR",0.47,-0.16,-2.50,15.5,9.0,443,47,-49,0,99,13,0,27,100,-50,99,12,60.999407 24.363456,38.2,215.70,15,30,-16,44,-332,-6,-4,-3,-1024,1,0,1,1,-1,-1,0x0000000000000000,1500,1512,1334,1500,2012,1500,2012,2012,988,988,1500,1500,1500,1500,1500,1500,1500,1500,1500,1500,1500,1500,1500,1500,1500,1500,1500,1500,1500,1500,1500,1500,8.1
2026-08-05,14:49:56.430,"AIR",0.47,-0.14,-2.52,15.5,13.3,446,47,-51,0,99,13,0,27,100,-52,99,13,60.999344 24.363366,38.3,213.50,16,30,-21,2,-207,-60,-4,-3,-1024,1,0,1,1,-1,-1,0x0000000000000000,1480,1500,1397,1500,2012,1500,2012,2012,988,988,1500,1500,1500,1500,1500,1500,1500,1500,1500,1500,1500,1500,1500,1500,1500,1500,1500,1500,1500,1500,1500,1500,8.1
2026-08-05,14:49:57.430,"AIR",0.46,-0.16,-2.55,15.5,12.1,450,47,-50,0,100,12,0,27,100,-51,100,13,60.999253 24.363245,40.4,211.10,16,30,-45,21,-339,-12,-4,-3,-1024,1,0,1,1,-1,-1,0x0000000000000000,1500,1500,1331,1488,2012,1500,2012,2012,988,988,1500,1500,1500,1500,1500,1500,1500,1500,1500,1500,1500,1500,1500,1500,1500,1500,1500,1500,1500,1500,1500,1500,8.1
2026-08-05,14:49:58.430,"AIR",0.47,-0.16,-2.58,15.5,9.0,452,46,-51,0,99,13,0,27,100,-51,99,12,60.999155 24.363136,39.3,206.00,15,30,-26,17,-345,-23,-4,-3,-1024,1,0,1,1,-1,-1,0x0000000000000000,1499,1500,1328,1497,2012,1500,2012,2012,988,988,1500,1500,1500,1500,1500,1500,1500,1500,1500,1500,1500,1500,1500,1500,1500,1500,1500,1500,1500,1500,1500,1500,8.1
2026-08-05,14:49:59.430,"AIR",0.45,-0.06,-2.73,15.4,19.4,456,46,-51,0,99,13,0,27,100,-53,99,13,60.999084 24.363070,40.0,201.80,16,29,-111,95,-213,-149,-4,-3,-1024,1,0,1,1,-1,-1,0x0000000000000000,1435,1538,1394,1454,2012,1500,2012,2012,988,988,1500,1500,1500,1500,1500,1500,1500,1500,1500,1500,1500,1500,1500,1500,1500,1500,1500,1500,1500,1500,1500,1500,8.1
2026-08-05,14:50:00.430,"AIR",0.55,-0.25,-3.01,15.4,10.7,459,46,-54,0,100,12,0,27,100,-55,100,8,60.998961 24.362993,42.8,190.30,16,30,-228,-1,-410,-229,-4,-3,-1024,1,0,1,1,-1,-1,0x0000000000000000,1394,1500,1295,1394,2012,1500,2012,2012,988,988,1500,1500,1500,1500,1500,1500,1500,1500,1500,1500,1500,1500,1500,1500,1500,1500,1500,1500,1500,1500,1500,1500,8.1
2026-08-05,14:50:01.430,"AIR",0.56,-0.15,2.72,15.4,15.1,462,45,-67,0,100,12,0,27,100,-64,100,12,60.998855 24.362984,43.4,171.50,18,30,-177,-4,-206,-217,-4,-3,-1024,1,0,1,1,-1,-1,0x0000000000000000,1400,1500,1397,1420,2012,1500,2012,2012,988,988,1500,1500,1500,1500,1500,1500,1500,1500,1500,1500,1500,1500,1500,1500,1500,1500,1500,1500,1500,1500,1500,1500,8.1
2026-08-05,14:50:02.430,"AIR",0.61,-0.30,2.30,15.4,12.9,467,45,-63,0,100,12,0,27,100,-67,100,12,60.998752 24.363067,45.9,145.80,18,30,-166,-20,-224,-213,-4,-3,-1024,1,0,1,1,-1,-1,0x0000000000000000,1402,1500,1388,1426,2012,1500,2012,2012,988,988,1500,1500,1500,1500,1500,1500,1500,1500,1500,1500,1500,1500,1500,1500,1500,1500,1500,1500,1500,1500,1500,1500,8.1
2026-08-05,14:50:03.430,"AIR",0.67,-0.41,1.93,15.4,13.2,470,44,-58,0,100,13,0,27,100,-53,100,13,60.998688 24.363201,46.3,123.10,17,30,-210,-75,-255,-237,-4,-3,-1024,1,0,1,1,-1,-1,0x0000000000000000,1390,1472,1373,1404,2012,1500,2012,2012,988,988,1500,1500,1500,1500,1500,1500,1500,1500,1500,1500,1500,1500,1500,1500,1500,1500,1500,1500,1500,1500,1500,1500,8.1
2026-08-05,14:50:04.430,"AIR",0.61,-0.30,1.15,15.4,13.7,473,44,-56,0,100,12,0,27,100,-56,100,13,60.998651 24.363477,48.1,87.50,15,30,-194,-30,-200,-52,-4,-3,-1024,1,0,1,1,-1,-1,0x0000000000000000,1484,1495,1400,1412,2012,1500,2012,2012,988,988,1500,1500,1500,1500,1500,1500,1500,1500,1500,1500,1500,1500,1500,1500,1500,1500,1500,1500,1500,1500,1500,1500,8.1
2026-08-05,14:50:05.430,"AIR",0.63,-0.13,0.90,15.4,13.1,478,43,-54,0,99,13,0,27,100,-52,100,13,60.998672 24.363672,49.5,67.10,16,29,-137,-73,-360,-58,-4,-3,-1024,1,0,1,1,-1,-1,0x0000000000000000,1481,1473,1320,1441,2012,1500,2012,2012,988,988,1500,1500,1500,1500,1500,1500,1500,1500,1500,1500,1500,1500,1500,1500,1500,1500,1500,1500,1500,1500,1500,1500,8.1
2026-08-05,14:50:06.430,"AIR",0.47,-0.08,0.78,15.4,12.5,480,43,-52,0,100,12,0,27,100,-53,99,13,60.998753 24.363930,50.4,48.60,14,29,-4,0,-229,-47,-4,-3,-1024,1,0,1,1,-1,-1,0x0000000000000000,1487,1500,1386,1500,2012,1500,2012,2012,988,988,1500,1500,1500,1500,1500,1500,1500,1500,1500,1500,1500,1500,1500,1500,1500,1500,1500,1500,1500,1500,1500,1500,8.1
2026-08-05,14:50:07.430,"AIR",0.47,-0.06,0.75,15.4,8.7,483,43,-51,0,98,13,0,27,100,-51,100,12,60.998817 24.364057,51.4,39.50,13,29,-1,-1,-397,-18,-4,-3,-1024,1,0,1,1,-1,-1,0x0000000000000000,1500,1500,1302,1500,2012,1500,2012,2012,988,988,1500,1500,1500,1500,1500,1500,1500,1500,1500,1500,1500,1500,1500,1500,1500,1500,1500,1500,1500,1500,1500,1500,8.1
2026-08-05,14:50:08.430,"AIR",0.40,-0.03,0.64,15.4,10.7,487,42,-51,0,98,13,0,27,100,-52,100,13,60.998938 24.364231,48.3,30.40,14,29,0,22,-307,41,-4,-3,-1024,1,0,1,1,-1,-1,0x0000000000000000,1510,1501,1347,1500,2012,1500,2012,2012,988,988,1500,1500,1500,1500,1500,1500,1500,1500,1500,1500,1500,1500,1500,1500,1500,1500,1500,1500,1500,1500,1500,1500,8.1
2026-08-05,14:50:09.430,"AIR",0.42,-0.01,0.51,15.4,8.8,489,42,-51,0,97,13,0,27,100,-51,98,12,60.999047 24.364348,49.6,26.00,11,29,17,5,-350,4,-4,-3,-1024,1,0,1,1,-1,-1,0x0000000000000000,1500,1500,1325,1500,2012,1500,2012,2012,988,988,1500,1500,1500,1500,1500,1500,1500,1500,1500,1500,1500,1500,1500,1500,1500,1500,1500,1500,1500,1500,1500,1500,8.1
2026-08-05,14:50:10.430,"AIR",0.42,-0.01,0.46,15.5,8.9,492,42,-50,0,98,13,0,27,100,-47,96,9,60.999147 24.364446,49.8,24.00,11,29,88,0,-339,45,-4,-3,-1024,1,0,1,1,-1,-1,0x0000000000000000,1512,1500,1331,1534,2012,1500,2012,2012,988,988,1500,1500,1500,1500,1500,1500,1500,1500,1500,1500,1500,1500,1500,1500,1500,1500,1500,1500,1500,1500,1500,1500,8.1
2026-08-05,14:50:11.430,"AIR",0.39,-0.01,0.48,15.4,11.1,494,41,-48,0,99,13,0,27,100,-47,100,13,60.999271 24.364559,49.2,25.00,12,29,10,0,-319,29,-4,-3,-1024,1,0,1,1,-1,-1,0x0000000000000000,1504,1500,1341,1500,2012,1500,2012,2012,988,988,1500,1500,1500,1500,1500,1500,1500,1500,1500,1500,1500,1500,1500,1500,1500,1500,1500,1500,1500,1500,1500,1500,8.1
2026-08-05,14:50:12.430,"AIR",0.40,-0.02,0.47,15.4,10.7,497,41,-48,0,99,13,0,27,100,-48,99,13,60.999391 24.364682,48.4,27.50,11,29,1,1,-319,34,-4,-3,-1024,1,0,1,1,-1,-1,0x0000000000000000,1507,1500,1341,1500,2012,1500,2012,2012,988,988,1500,1500,1500,1500,1500,1500,1500,1500,1500,1500,1500,1500,1500,1500,1500,1500,1500,1500,1500,1500,1500,1500,8.1
2026-08-05,14:50:13.430,"AIR",0.40,-0.01,0.49,15.4,10.3,500,41,-50,0,99,13,0,27,100,-49,99,13,60.999476 24.364776,48.7,29.00,11,30,1,0,-319,35,-4,-3,-1024,1,0,1,1,-1,-1,0x0000000000000000,1507,1500,1341,1500,2012,1500,2012,2012,988,988,1500,1500,1500,1500,1500,1500,1500,1500,1500,1500,1500,1500,1500,1500,1500,1500,1500,1500,1500,1500,1500,1500,8.1
2026-08-05,14:50:14.430,"AIR",0.39,0.00,0.50,15.4,10.7,502,40,-57,0,98,12,0,27,100,-62,97,13,60.999604 24.364926,49.5,30.40,12,30,-24,3,-335,-79,-4,-3,-1024,1,0,1,1,-1,-1,0x0000000000000000,1470,1500,1333,1498,2012,1500,2012,2012,988,988,1500,1500,1500,1500,1500,1500,1500,1500,1500,1500,1500,1500,1500,1500,1500,1500,1500,1500,1500,1500,1500,1500,8.1
2026-08-05,14:50:15.430,"AIR",0.39,-0.09,0.51,15.4,10.1,506,40,-65,0,99,12,0,27,100,-57,100,12,60.999703 24.365043,50.9,29.70,12,30,-36,1,-357,-84,-4,-3,-1024,1,0,1,1,-1,-1,0x0000000000000000,1468,1500,1322,1492,2012,1500,2012,2012,988,988,1500,1500,1500,1500,1500,1500,1500,1500,1500,1500,1500,1500,1500,1500,1500,1500,1500,1500,1500,1500,1500,1500,8.1
2026-08-05,14:50:16.430,"AIR",0.39,-0.07,0.40,15.4,8.7,508,40,-53,0,97,12,0,27,100,-48,98,12,60.999828 24.365180,52.4,25.80,11,30,-93,8,-373,-3,-4,-3,-1024,1,0,1,1,-1,-1,0x0000000000000000,1500,1500,1314,1463,2012,1500,2012,2012,988,988,1500,1500,1500,1500,1500,1500,1500,1500,1500,1500,1500,1500,1500,1500,1500,1500,1500,1500,1500,1500,1500,1500,8.1
2026-08-05,14:50:17.430,"AIR",0.39,-0.01,0.39,15.4,11.3,511,39,-53,0,98,13,0,27,100,-52,99,13,60.999924 24.365273,53.6,24.70,12,30,63,1,-262,76,-4,-3,-1024,1,0,1,1,-1,-1,0x0000000000000000,1528,1500,1369,1521,2012,1500,2012,2012,988,988,1500,1500,1500,1500,1500,1500,1500,1500,1500,1500,1500,1500,1500,1500,1500,1500,1500,1500,1500,1500,1500,1500,8.1
2026-08-05,14:50:18.430,"AIR",0.41,0.03,0.46,15.3,9.8,514,39,-64,0,97,12,0,27,100,-67,97,12,61.000060 24.365405,55.4,26.70,12,30,72,3,-316,88,-4,-3,-1024,1,0,1,1,-1,-1,0x0000000000000000,1534,1500,1342,1526,2012,1500,2012,2012,988,988,1500,1500,1500,1500,1500,1500,1500,1500,1500,1500,1500,1500,1500,1500,1500,1500,1500,1500,1500,1500,1500,1500,8.1
2026-08-05,14:50:19.430,"AIR",0.40,0.02,0.51,15.3,10.0,517,39,-72,0,99,11,0,27,100,-67,97,11,61.000169 24.365523,54.2,28.70,12,30,31,2,-316,-3,-4,-3,-1024,1,0,1,1,-1,-1,0x0000000000000000,1500,1500,1342,1505,2012,1500,2012,2012,988,988,1500,1500,1500,1500,1500,1500,1500,1500,1500,1500,1500,1500,1500,1500,1500,1500,1500,1500,1500,1500,1500,1500,8.1
2026-08-05,14:50:20.430,"AIR",0.41,0.01,0.53,15.3,11.1,520,38,-74,0,97,9,0,27,100,-64,97,12,61.000309 24.365692,54.2,31.70,13,30,3,3,-314,0,-4,-3,-1024,1,0,1,1,-1,-1,0x0000000000000000,1500,1500,1343,1500,2012,1500,2012,2012,988,988,1500,1500,1500,1500,1500,1500,1500,1500,1500,1500,1500,1500,1500,1500,1500,1500,1500,1500,1500,1500,1500,1500,8.1
2026-08-05,14:50:21.430,"AIR",0.42,0.01,0.55,15.3,10.6,523,38,-61,0,99,12,0,27,100,-58,99,13,61.000412 24.365827,54.9,33.10,12,30,0,11,-313,-94,-4,-3,-1024,1,0,1,1,-1,-1,0x0000000000000000,1463,1500,1344,1500,2012,1500,2012,2012,988,988,1500,1500,1500,1500,1500,1500,1500,1500,1500,1500,1500,1500,1500,1500,1500,1500,1500,1500,1500,1500,1500,1500,8.1
2026-08-05,14:50:22.430,"AIR",0.41,0.00,0.56,15.3,11.8,525,38,-59,0,98,12,0,27,100,-61,98,12,61.000538 24.366000,56.0,33.80,12,30,-51,-5,-303,-3,-4,-3,-1024,1,0,1,1,-1,-1,0x0000000000000000,1500,1500,1349,1485,2012,1500,2012,2012,988,988,1500,1500,1500,1500,1500,1500,1500,1500,1500,1500,1500,1500,1500,1500,1500,1500,1500,1500,1500,1500,1500,1500,8.1
2026-08-05,14:50:23.430,"AIR",0.37,0.02,0.51,15.3,11.8,529,37,-63,0,99,12,0,27,100,-64,98,12,61.000631 24.366129,55.9,33.60,12,30,-127,43,-278,-66,-4,-3,-1024,1,0,1,1,-1,-1,0x0000000000000000,1477,1511,1361,1446,2012,1500,2012,2012,988,988,1500,1500,1500,1500,1500,1500,1500,1500,1500,1500,1500,1500,1500,1500,1500,1500,1500,1500,1500,1500,1500,1500,8.1
2026-08-05,14:50:24.430,"AIR",0.43,0.00,0.40,15.3,10.3,532,37,-64,0,98,12,0,27,100,-62,98,12,61.000756 24.366301,54.5,31.90,13,30,-114,1,-310,-2,-4,-3,-1024,1,0,1,1,-1,-1,0x0000000000000000,1500,1500,1345,1453,2012,1500,2012,2012,988,988,1500,1500,1500,1500,1500,1500,1500,1500,1500,1500,1500,1500,1500,1500,1500,1500,1500,1500,1500,1500,1500,1500,8.1
2026-08-05,14:50:25.430,"AIR",0.40,-0.03,0.27,15.3,10.0,535,37,-64,0,98,12,0,27,100,-65,99,4,61.000888 24.366450,55.3,26.20,12,30,-128,2,-346,-153,-4,-3,-1024,1,0,1,1,-1,-1,0x0000000000000000,1433,1500,1327,1445,2012,1500,2012,2012,988,988,1500,1500,1500,1500,1500,1500,1500,1500,1500,1500,1500,1500,1500,1500,1500,1500,1500,1500,1500,1500,1500,1500,8.1
2026-08-05,14:50:26.430,"AIR",0.40,-0.03,0.26,15.3,10.9,538,36,-66,0,98,12,0,27,100,-67,99,4,61.001002 24.366552,55.8,19.50,12,30,-74,2,-299,-3,-4,-3,-1024,1,0,1,1,-1,-1,0x0000000000000000,1500,1500,1351,1473,2012,1500,2012,2012,988,988,1500,1500,1500,1500,1500,1500,1500,1500,1500,1500,1500,1500,1500,1500,1500,1500,1500,1500,1500,1500,1500,1500,8.1
2026-08-05,14:50:27.430,"AIR",0.41,0.01,0.15,15.3,11.3,540,36,-66,0,97,12,0,27,100,-66,98,11,61.001150 24.366636,54.9,11.90,13,30,-120,6,-301,-36,-4,-3,-1024,1,0,1,1,-1,-1,0x0000000000000000,1492,1500,1350,1449,2012,1500,2012,2012,988,988,1500,1500,1500,1500,1500,1500,1500,1500,1500,1500,1500,1500,1500,1500,1500,1500,1500,1500,1500,1500,1500,1500,8.1
2026-08-05,14:50:28.430,"AIR",0.40,0.01,-0.07,15.3,10.2,543,36,-69,0,97,13,0,27,100,-71,98,10,61.001258 24.366675,54.7,7.60,13,30,-344,2,-389,-287,-4,-3,-1024,1,0,1,1,-1,-1,0x0000000000000000,1364,1500,1306,1335,2012,1500,2012,2012,988,988,1500,1500,1500,1500,1500,1500,1500,1500,1500,1500,1500,1500,1500,1500,1500,1500,1500,1500,1500,1500,1500,1500,8.1
2026-08-05,14:50:29.430,"AIR",0.60,-0.24,-1.35,15.3,9.5,545,35,-81,0,98,9,0,27,100,-84,98,8,61.001417 24.366685,48.3,-304.46,13,30,-258,7,-247,-274,-4,-3,-1024,1,0,1,1,-1,-1,0x0000000000000000,1371,1500,1377,1379,2012,1500,2012,2012,988,988,1500,1500,1500,1500,1500,1500,1500,1500,1500,1500,1500,1500,1500,1500,1500,1500,1500,1500,1500,1500,1500,1500,8.1
2026-08-05,14:50:30.430,"AIR",0.81,-0.19,-2.18,15.2,11.6,550,35,-75,0,99,11,0,27,100,-73,99,8,61.001493 24.366606,30.9,308.80,13,30,-206,-62,-199,-199,-4,-3,-1024,1,0,1,1,-1,-1,0x0000000000000000,1409,1479,1401,1406,2012,1500,2012,2012,988,988,1500,1500,1500,1500,1500,1500,1500,1500,1500,1500,1500,1500,1500,1500,1500,1500,1500,1500,1500,1500,1500,1500,8.1
2026-08-05,14:50:31.430,"AIR",0.80,-0.20,-2.57,15.2,13.7,553,34,-73,0,99,11,0,27,100,-71,100,11,61.001503 24.366486,28.5,253.90,14,30,-98,-3,-201,-171,-4,-3,-1024,1,0,1,1,-1,-1,0x0000000000000000,1423,1500,1400,1461,2012,1500,2012,2012,988,988,1500,1500,1500,1500,1500,1500,1500,1500,1500,1500,1500,1500,1500,1500,1500,1500,1500,1500,1500,1500,1500,1500,8.1
2026-08-05,14:50:32.430,"AIR",0.75,-0.19,-2.79,15.2,13.4,556,34,-75,0,100,12,0,27,100,-76,99,11,61.001438 24.366366,37.4,202.70,14,30,-39,-165,-146,-24,-4,-3,-1024,1,0,1,1,-1,-1,0x0000000000000000,1498,1427,1427,1491,2012,1500,2012,2012,988,988,1500,1500,1500,1500,1500,1500,1500,1500,1500,1500,1500,1500,1500,1500,1500,1500,1500,1500,1500,1500,1500,1500,8.1
2026-08-05,14:50:33.430,"AIR",0.64,-0.17,-2.86,15.1,16.9,561,34,-78,0,100,11,0,27,100,-72,100,4,61.001359 24.366329,43.2,186.50,16,30,-2,-37,96,-10,-4,-3,-1024,1,0,1,1,-1,-1,0x0000000000000000,1500,1492,1548,1500,2012,1500,2012,2012,988,988,1500,1500,1500,1500,1500,1500,1500,1500,1500,1500,1500,1500,1500,1500,1500,1500,1500,1500,1500,1500,1500,1500,8.1
2026-08-05,14:50:34.430,"AIR",0.64,-0.10,-2.94,15.1,11.8,566,33,-70,0,100,12,0,27,100,-67,100,12,61.001210 24.366338,48.6,172.20,16,29,276,28,-358,259,-4,-3,-1024,1,0,1,1,-1,-1,0x0000000000000000,1621,1504,1321,1630,2012,1500,2012,2012,988,988,1500,1500,1500,1500,1500,1500,1500,1500,1500,1500,1500,1500,1500,1500,1500,1500,1500,1500,1500,1500,1500,1500,8.1
2026-08-05,14:50:35.430,"AIR",0.70,0.11,-2.18,15.2,16.4,569,33,-72,0,100,12,0,27,100,-72,100,13,61.001114 24.366349,38.8,186.20,17,29,300,-3,-110,294,-4,-3,-1024,1,0,1,1,-1,-1,0x0000000000000000,1639,1500,1445,1642,2012,1500,2012,2012,988,988,1500,1500,1500,1500,1500,1500,1500,1500,1500,1500,1500,1500,1500,1500,1500,1500,1500,1500,1500,1500,1500,1500,8.1
2026-08-05,14:50:36.430,"AIR",0.71,0.12,-1.45,15.0,19.8,574,32,-80,0,100,10,0,27,100,-77,99,11,61.001028 24.366189,39.6,260.50,21,30,281,-22,-23,238,-4,-3,-1024,1,0,1,1,-1,-1,0x0000000000000000,1611,1499,1489,1633,2012,1500,2012,2012,988,988,1500,1500,1500,1500,1500,1500,1500,1500,1500,1500,1500,1500,1500,1500,1500,1500,1500,1500,1500,1500,1500,1500,8.1
2026-08-05,14:50:37.430,"AIR",0.96,0.25,0.03,15.0,19.8,581,31,-64,0,100,12,0,27,100,-67,100,13,61.001050 24.366049,45.4,309.70,22,30,264,-65,-174,335,-3,-3,-1024,1,0,1,1,-1,-1,0x0000000000000000,1660,1478,1413,1624,2012,1500,2012,2012,988,988,1500,1500,1500,1500,1500,1500,1500,1500,1500,1500,1500,1500,1500,1500,1500,1500,1500,1500,1500,1500,1500,1500,8.1
2026-08-05,14:50:38.430,"AIR",0.99,0.31,0.99,15.0,15.8,584,31,-80,0,98,8,0,27,100,-85,100,0,61.001148 24.365964,50.0,0.20,20,30,122,-97,-1,308,-4,-3,-1024,1,0,1,1,-1,-1,0x0000000000000000,1646,1461,1500,1552,2012,1500,2012,2012,988,988,1500,1500,1500,1500,1500,1500,1500,1500,1500,1500,1500,1500,1500,1500,1500,1500,1500,1500,1500,1500,1500,1500,8.1
2026-08-05,14:50:39.430,"AIR",0.96,0.65,1.36,14.9,19.4,589,30,-71,0,100,12,0,27,100,-70,100,12,61.001255 24.366088,45.4,61.30,25,30,231,-278,-32,255,-4,-3,-1024,1,0,1,1,-1,-1,0x0000000000000000,1619,1369,1484,1607,2012,1500,2012,2012,988,988,1500,1500,1500,1500,1500,1500,1500,1500,1500,1500,1500,1500,1500,1500,1500,1500,1500,1500,1500,1500,1500,1500,8.1
2026-08-05,14:50:40.430,"AIR",0.79,0.30,2.93,14.9,20.7,596,29,-66,0,100,13,0,27,100,-65,100,11,61.001256 24.366300,40.4,121.30,24,29,228,-33,41,34,-4,-3,-1024,1,0,1,1,-1,-1,0x0000000000000000,1507,1494,1520,1606,2012,1500,2012,2012,988,988,1500,1500,1500,1500,1500,1500,1500,1500,1500,1500,1500,1500,1500,1500,1500,1500,1500,1500,1500,1500,1500,1500,8.1
2026-08-05,14:50:41.430,"AIR",0.71,0.00,-3.00,14.8,21.7,600,29,-68,0,100,12,0,27,100,-70,100,11,61.001165 24.366389,42.1,181.70,29,29,16,-80,111,-10,-4,-3,-1024,1,0,1,1,-1,-1,0x0000000000000000,1500,1470,1555,1500,2012,1500,2012,2012,988,988,1500,1500,1500,1500,1500,1500,1500,1500,1500,1500,1500,1500,1500,1500,1500,1500,1500,1500,1500,1500,1500,1500,8.1
2026-08-05,14:50:42.430,"AIR",0.56,-0.09,-2.92,14.8,21.8,605,28,-66,0,100,12,0,27,100,-68,100,12,61.001067 24.366341,46.8,199.70,32,29,11,-4,-230,-55,-4,-3,-1024,1,0,1,1,-1,-1,0x0000000000000000,1483,1500,1385,1500,2012,1500,2012,2012,988,988,1500,1500,1500,1500,1500,1500,1500,1500,1500,1500,1500,1500,1500,1500,1500,1500,1500,1500,1500,1500,1500,1500,8.1
2026-08-05,14:50:43.430,"AIR",0.54,1.26,-2.83,15.0,13.0,610,28,-74,0,98,11,0,27,100,-77,99,11,61.000974 24.366261,42.6,205.10,29,30,6,-41,-206,839,-4,-3,-1024,1,0,1,1,-1,-1,0x0000000000000000,1917,1490,1397,1500,2012,1500,2012,2012,988,988,1500,1500,1500,1500,1500,1500,1500,1500,1500,1500,1500,1500,1500,1500,1500,1500,1500,1500,1500,1500,1500,1500,8.1
2026-08-05,14:50:44.430,"AIR",0.54,-0.24,-2.67,15.0,12.7,614,27,-78,0,97,10,0,27,100,-78,100,9,61.000887 24.366148,32.2,197.90,26,30,0,14,-203,0,-4,-3,-1024,1,0,1,1,-1,-1,0x0000000000000000,1500,1500,1399,1500,2012,1500,2012,2012,988,988,1500,1500,1500,1500,1500,1500,1500,1500,1500,1500,1500,1500,1500,1500,1500,1500,1500,1500,1500,1500,1500,1500,8.1
2026-08-05,14:50:45.430,"AIR",0.38,-0.22,-2.72,15.0,12.9,618,27,-75,0,99,11,0,27,100,-73,100,13,61.000811 24.366093,37.9,202.70,24,30,0,-101,-202,862,-4,-3,-1024,1,0,1,1,-1,-1,0x0000000000000000,1929,1459,1399,1500,2012,1500,2012,2012,988,988,1500,1500,1500,1500,1500,1500,1500,1500,1500,1500,1500,1500,1500,1500,1500,1500,1500,1500,1500,1500,1500,1500,8.1
2026-08-05,14:50:46.430,"AIR",0.35,-0.93,-2.64,15.0,13.4,622,26,-76,0,99,12,0,27,100,-69,99,12,61.000746 24.366026,33.9,221.30,23,26,0,-146,-200,875,-4,-3,-1024,1,0,1,1,-1,-1,0x0000000000000000,1936,1436,1400,1500,2012,1500,2012,2012,988,988,1500,1500,1500,1500,1500,1500,1500,1500,1500,1500,1500,1500,1500,1500,1500,1500,1500,1500,1500,1500,1500,1500,8.1
2026-08-05,14:50:47.430,"AIR",0.24,-0.23,-2.76,14.9,26.4,628,26,-71,0,99,12,0,27,100,-86,99,8,61.000699 24.365933,12.4,206.00,18,29,194,-58,713,18,-4,-3,-1024,1,0,1,1,-1,-1,0x0000000000000000,1500,1481,1856,1588,2012,1500,2012,2012,988,988,1500,1500,1500,1500,1500,1500,1500,1500,1500,1500,1500,1500,1500,1500,1500,1500,1500,1500,1500,1500,1500,1500,8.1
2026-08-05,14:50:48.430,"AIR",0.31,-0.32,-2.52,14.4,32.2,638,24,-78,0,98,8,0,27,100,-67,100,13,61.000661 24.365918,23.9,194.60,25,30,-149,113,91,-1,-4,-3,-1024,1,0,1,1,-1,-1,0x0000000000000000,1500,1547,1545,1435,2012,1500,2012,2012,988,988,1500,1500,1500,1500,1500,1500,1500,1500,1500,1500,1500,1500,1500,1500,1500,1500,1500,1500,1500,1500,1500,1500,8.1
2026-08-05,14:50:49.430,"AIR",0.52,-0.25,-2.77,14.7,17.8,642,24,-68,0,98,12,0,27,100,-70,98,12,61.000583 24.365854,29.1,208.20,24,30,-1,2,-271,-12,-4,-3,-1024,1,0,1,1,-1,-1,0x0000000000000000,1500,1500,1365,1500,2012,1500,2012,2012,988,988,1500,1500,1500,1500,1500,1500,1500,1500,1500,1500,1500,1500,1500,1500,1500,1500,1500,1500,1500,1500,1500,1500,8.1
2026-08-05,14:50:50.430,"AIR",0.51,-0.23,-2.69,14.9,17.4,647,23,-69,0,99,12,0,27,100,-66,98,13,61.000524 24.365787,28.2,210.80,25,30,43,26,-236,18,-4,-3,-1024,1,0,1,1,-1,-1,0x0000000000000000,1500,1503,1382,1511,2012,1500,2012,2012,988,988,1500,1500,1500,1500,1500,1500,1500,1500,1500,1500,1500,1500,1500,1500,1500,1500,1500,1500,1500,1500,1500,1500,8.1
2026-08-05,14:50:51.430,"AIR",0.51,-0.26,-2.61,14.9,13.8,650,23,-67,0,99,13,0,27,100,-67,99,13,61.000457 24.365688,31.4,219.60,31,29,3,70,-155,17,-4,-3,-1024,1,0,1,1,-1,-1,0x0000000000000000,1500,1525,1423,1500,2012,1500,2012,2012,988,988,1500,1500,1500,1500,1500,1500,1500,1500,1500,1500,1500,1500,1500,1500,1500,1500,1500,1500,1500,1500,1500,1500,8.1
2026-08-05,14:50:52.430,"AIR",0.50,-0.24,-2.58,14.8,17.5,656,22,-66,0,100,12,0,27,100,-66,100,13,61.000402 24.365583,33.6,226.70,30,29,-1,-75,44,-10,-4,-3,-1024,1,0,1,1,-1,-1,0x0000000000000000,1500,1472,1522,1500,2012,1500,2012,2012,988,988,1500,1500,1500,1500,1500,1500,1500,1500,1500,1500,1500,1500,1500,1500,1500,1500,1500,1500,1500,1500,1500,1500,8.1
2026-08-05,14:50:53.430,"AIR",0.44,-0.23,-2.60,14.8,15.3,659,22,-63,0,97,12,0,27,100,-61,98,5,61.000335 24.365427,38.6,229.70,34,30,-2,1,-86,-15,-4,-3,-1024,1,0,1,1,-1,-1,0x0000000000000000,1500,1500,1457,1500,2012,1500,2012,2012,988,988,1500,1500,1500,1500,1500,1500,1500,1500,1500,1500,1500,1500,1500,1500,1500,1500,1500,1500,1500,1500,1500,1500,8.1
2026-08-05,14:50:54.430,"AIR",0.44,2.07,-2.72,14.9,16.3,665,21,-65,0,99,12,0,27,100,-57,100,12,61.000281 24.365294,35.3,227.60,36,30,-1,-173,-72,-897,-4,-3,-1024,1,0,1,1,-1,-1,0x0000000000000000,1053,1422,1464,1500,2012,1500,2012,2012,988,988,1500,1500,1500,1500,1500,1500,1500,1500,1500,1500,1500,1500,1500,1500,1500,1500,1500,1500,1500,1500,1500,1500,8.1
2026-08-05,14:50:55.430,"AIR",0.42,-0.53,-2.71,14.8,18.2,669,21,-62,0,99,13,0,27,100,-64,99,12,61.000234 24.365200,22.7,208.30,33,30,0,98,-124,171,-4,-3,-1024,1,0,1,1,-1,-1,0x0000000000000000,1577,1539,1438,1500,2012,1500,2012,2012,988,988,1500,1500,1500,1500,1500,1500,1500,1500,1500,1500,1500,1500,1500,1500,1500,1500,1500,1500,1500,1500,1500,1500,8.1
2026-08-05,14:50:56.430,"AIR",0.40,-0.30,-2.72,14.8,15.6,674,20,-64,0,99,13,0,27,100,-64,100,12,61.000177 24.365155,29.6,204.10,33,30,0,-107,-96,-765,-4,-3,-1024,1,0,1,1,-1,-1,0x0000000000000000,1121,1456,1452,1500,2012,1500,2012,2012,988,988,1500,1500,1500,1500,1500,1500,1500,1500,1500,1500,1500,1500,1500,1500,1500,1500,1500,1500,1500,1500,1500,1500,8.1
2026-08-05,14:50:57.430,"AIR",0.45,0.65,-2.72,14.8,17.0,678,20,-56,0,98,13,0,27,100,-55,98,12,61.000106 24.365118,16.4,173.40,32,25,1,-124,-97,-676,-4,-3,-1024,1,0,1,1,-1,-1,0x0000000000000000,1166,1447,1452,1500,2012,1500,2012,2012,988,988,1500,1500,1500,1500,1500,1500,1500,1500,1500,1500,1500,1500,1500,1500,1500,1500,1500,1500,1500,1500,1500,1500,8.1
2026-08-05,14:50:58.430,"AIR",0.48,-0.37,-2.65,14.8,17.0,684,19,-62,0,99,12,0,27,100,-59,99,12,61.000092 24.365036,27.0,247.60,26,30,-1,-8,-137,-1,-4,-3,-1024,1,0,1,1,-1,-1,0x0000000000000000,1500,1500,1432,1500,2012,1500,2012,2012,988,988,1500,1500,1500,1500,1500,1500,1500,1500,1500,1500,1500,1500,1500,1500,1500,1500,1500,1500,1500,1500,1500,1500,8.1
2026-08-05,14:50:59.430,"AIR",0.50,-0.36,-2.65,14.9,12.4,687,19,-58,0,98,13,0,27,100,-58,98,13,61.000034 24.364907,34.5,219.60,20,30,-16,0,-227,-29,-4,-3,-1024,1,0,1,1,-1,-1,0x0000000000000000,1496,1500,1387,1500,2012,1500,2012,2012,988,988,1500,1500,1500,1500,1500,1500,1500,1500,1500,1500,1500,1500,1500,1500,1500,1500,1500,1500,1500,1500,1500,1500,8.1
2026-08-05,14:51:00.430,"AIR",0.51,-0.30,-2.67,14.9,15.0,691,18,-62,0,100,12,0,27,100,-66,99,11,60.999967 24.364810,37.9,211.10,21,29,0,-34,8,0,-4,-3,-1024,1,0,1,1,-1,-1,0x0000000000000000,1500,1493,1504,1500,2012,1500,2012,2012,988,988,1500,1500,1500,1500,1500,1500,1500,1500,1500,1500,1500,1500,1500,1500,1500,1500,1500,1500,1500,1500,1500,1500,8.1
2026-08-05,14:51:01.430,"AIR",0.00,-0.25,-2.83,14.7,22.2,696,18,-60,0,98,12,0,27,100,-54,99,11,60.999865 24.364706,45.8,202.80,27,29,0,-295,128,15,-4,-3,-1024,1,0,1,1,-1,-1,0x0000000000000000,1500,1360,1564,1500,2012,1500,2012,2012,988,988,1500,1500,1500,1500,1500,1500,1500,1500,1500,1500,1500,1500,1500,1500,1500,1500,1500,1500,1500,1500,1500,1500,8.1
2026-08-05,14:51:02.430,"AIR",-0.14,-0.96,-3.12,14.8,5.1,702,17,-52,0,99,13,0,27,100,-52,99,12,60.999790 24.364649,28.9,197.50,31,30,-413,250,-1024,-394,-4,-3,-1024,1,0,1,1,-1,-1,0x0000000000000000,1310,1617,988,1300,2012,1500,2012,2012,988,988,1500,1500,1500,1500,1500,1500,1500,1500,1500,1500,1500,1500,1500,1500,1500,1500,1500,1500,1500,1500,1500,1500,8.1
2026-08-05,14:51:03.430,"AIR",1.29,-3.06,-2.69,15.0,14.4,703,17,-46,0,99,13,0,27,100,-49,99,13,60.999737 24.364634,14.0,175.50,33,28,0,-352,198,0,-4,-3,-1024,1,0,1,1,-1,-1,0x0000000000000000,1500,1331,1599,1500,2012,1500,2012,2012,988,988,1500,1500,1500,1500,1500,1500,1500,1500,1500,1500,1500,1500,1500,1500,1500,1500,1500,1500,1500,1500,1500,1500,8.1
2026-08-05,14:51:04.430,"AIR",0.73,-0.03,0.60,14.5,38.8,713,16,-56,0,100,13,0,27,100,-55,99,13,60.999761 24.364724,49.0,41.90,35,28,-114,45,-135,-2,-4,-3,-1024,1,0,1,1,-1,-1,0x0000000000000000,1500,1512,1433,1453,2012,1500,2012,2012,988,988,1500,1500,1500,1500,1500,1500,1500,1500,1500,1500,1500,1500,1500,1500,1500,1500,1500,1500,1500,1500,1500,1500,8.1
2026-08-05,14:51:05.430,"AIR",0.76,0.09,1.25,14.5,27.0,721,15,-56,0,99,13,0,27,100,-43,99,13,60.999900 24.364928,66.8,31.60,30,30,580,-10,48,504,-4,-3,-1024,1,0,1,1,-1,-1,0x0000000000000000,1746,1500,1524,1785,2012,1500,2012,2012,988,988,1500,1500,1500,1500,1500,1500,1500,1500,1500,1500,1500,1500,1500,1500,1500,1500,1500,1500,1500,1500,1500,1500,8.1
2026-08-05,14:51:06.430,"AIR",1.13,-0.49,-1.99,14.4,29.4,726,14,-61,0,98,12,0,27,100,-70,100,10,60.999999 24.365095,51.0,57.50,34,30,0,3,-258,-1,-4,-3,-1024,1,0,1,1,-1,-1,0x0000000000000000,1500,1500,1371,1500,2012,1500,2012,2012,988,988,1500,1500,1500,1500,1500,1500,1500,1500,1500,1500,1500,1500,1500,1500,1500,1500,1500,1500,1500,1500,1500,1500,8.1
2026-08-05,14:51:07.430,"AIR",0.94,-0.46,-2.14,14.8,11.5,730,14,-71,0,97,10,0,27,100,-73,100,10,61.000003 24.365162,16.6,215.80,23,30,-54,-66,-108,-99,-4,-3,-1024,1,0,1,1,-1,-1,0x0000000000000000,1460,1477,1446,1483,2012,1500,2012,2012,988,988,1500,1500,1500,1500,1500,1500,1500,1500,1500,1500,1500,1500,1500,1500,1500,1500,1500,1500,1500,1500,1500,1500,8.1
2026-08-05,14:51:08.430,"AIR",0.84,-0.43,-2.27,14.7,17.6,735,13,-66,0,97,11,0,27,100,-55,100,11,60.999950 24.365061,41.0,222.40,26,29,-85,-267,108,-12,-4,-3,-1024,1,0,1,1,-1,-1,0x0000000000000000,1500,1375,1554,1467,2012,1500,2012,2012,988,988,1500,1500,1500,1500,1500,1500,1500,1500,1500,1500,1500,1500,1500,1500,1500,1500,1500,1500,1500,1500,1500,1500,8.1
2026-08-05,14:51:09.430,"AIR",0.49,-0.26,-2.53,14.6,25.2,741,12,-53,0,98,13,0,27,100,-52,99,12,60.999859 24.364890,56.2,221.30,23,27,-73,-138,157,-26,-4,-3,-1024,1,0,1,1,-1,-1,0x0000000000000000,1497,1440,1578,1473,2012,1500,2012,2012,988,988,1500,1500,1500,1500,1500,1500,1500,1500,1500,1500,1500,1500,1500,1500,1500,1500,1500,1500,1500,1500,1500,1500,8.1
2026-08-05,14:51:10.430,"AIR",0.15,-0.21,-2.68,14.5,26.9,749,11,-49,0,100,13,0,27,100,-54,100,12,60.999759 24.364713,59.5,219.00,23,29,-47,-284,201,-18,-4,-3,-1024,1,0,1,1,-1,-1,0x0000000000000000,1500,1366,1600,1487,2012,1500,2012,2012,988,988,1500,1500,1500,1500,1500,1500,1500,1500,1500,1500,1500,1500,1500,1500,1500,1500,1500,1500,1500,1500,1500,1500,8.1
2026-08-05,14:51:11.430,"AIR",0.18,-0.61,3.12,14.5,24.9,754,11,-52,0,99,13,0,27,100,-55,100,12,60.999657 24.364547,37.6,217.00,24,29,-434,405,-1012,-458,-4,-3,-1024,1,0,1,1,-1,-1,0x0000000000000000,1277,1696,994,1289,2012,1500,2012,2012,988,988,1500,1500,1500,1500,1500,1500,1500,1500,1500,1500,1500,1500,1500,1500,1500,1500,1500,1500,1500,1500,1500,1500,8.1
2026-08-05,14:51:12.430,"AIR",1.11,2.64,-1.51,14.9,1.9,755,11,-44,0,100,13,0,27,100,-43,100,12,60.999605 24.364470,22.5,212.50,18,28,207,-114,-833,-168,-4,-3,-1024,1,0,1,1,-1,-1,0x0000000000000000,1425,1453,1084,1595,2012,1500,2012,2012,988,988,1500,1500,1500,1500,1500,1500,1500,1500,1500,1500,1500,1500,1500,1500,1500,1500,1500,1500,1500,1500,1500,1500,8.1
2026-08-05,14:51:13.430,"AIR",1.23,0.46,0.47,14.7,21.0,759,10,-46,0,100,13,0,27,100,-45,100,13,60.999567 24.364450,7.9,137.80,25,30,2,-117,-1,-102,-4,-3,-1024,1,0,1,1,-1,-1,0x0000000000000000,1459,1451,1500,1500,2012,1500,2012,2012,988,988,1500,1500,1500,1500,1500,1500,1500,1500,1500,1500,1500,1500,1500,1500,1500,1500,1500,1500,1500,1500,1500,1500,8.1
2026-08-05,14:51:14.430,"AIR",1.02,0.08,0.69,14.8,11.9,762,10,-53,0,100,12,0,27,100,-48,100,13,60.999606 24.364596,44.3,55.30,16,30,-16,-200,-95,-56,-4,-3,-1024,1,0,1,1,-1,-1,0x0000000000000000,1482,1409,1453,1500,2012,1500,2012,2012,988,988,1500,1500,1500,1500,1500,1500,1500,1500,1500,1500,1500,1500,1500,1500,1500,1500,1500,1500,1500,1500,1500,1500,8.1
2026-08-05,14:51:15.430,"AIR",0.53,0.02,0.82,14.7,21.8,768,9,-52,0,100,12,0,27,100,-52,100,13,60.999680 24.364773,55.8,44.70,17,30,-8,-294,103,-5,-4,-3,-1024,1,0,1,1,-1,-1,0x0000000000000000,1500,1361,1551,1500,2012,1500,2012,2012,988,988,1500,1500,1500,1500,1500,1500,1500,1500,1500,1500,1500,1500,1500,1500,1500,1500,1500,1500,1500,1500,1500,1500,8.1
2026-08-05,14:51:16.430,"AIR",-0.13,0.01,0.78,14.5,27.3,773,9,-58,0,100,12,0,27,100,-57,100,12,60.999792 24.364958,40.1,28.80,18,30,-353,324,-1024,-501,-4,-3,-1024,1,0,1,1,-1,-1,0x0000000000000000,1255,1655,988,1331,2012,1500,2012,2012,988,988,1500,1500,1500,1500,1500,1500,1500,1500,1500,1500,1500,1500,1500,1500,1500,1500,1500,1500,1500,1500,1500,1500,8.1
2026-08-05,14:51:17.430,"AIR",1.40,2.62,1.31,14.8,13.8,775,8,-60,0,100,12,0,27,100,-51,100,13,60.999872 24.365010,31.2,4.90,15,29,-93,-706,325,-390,-4,-3,-1024,1,0,1,1,-1,-1,0x0000000000000000,1312,1151,1662,1463,2012,1500,2012,2012,988,988,1500,1500,1500,1500,1500,1500,1500,1500,1500,1500,1500,1500,1500,1500,1500,1500,1500,1500,1500,1500,1500,1500,8.1
2026-08-05,14:51:18.430,"AIR",0.25,-0.28,-2.65,14.5,25.6,783,7,-63,0,100,13,0,27,100,-63,100,8,60.999913 24.364983,15.9,304.00,25,30,-46,77,-426,-174,-4,-3,-1024,1,0,1,1,-1,-1,0x0000000000000000,1422,1529,1287,1487,2012,1500,2012,2012,988,988,1500,1500,1500,1500,1500,1500,1500,1500,1500,1500,1500,1500,1500,1500,1500,1500,1500,1500,1500,1500,1500,1500,8.1
2026-08-05,14:51:19.430,"AIR",0.62,-0.48,-2.55,14.8,6.3,784,7,-64,0,100,12,0,27,100,-67,100,13,60.999900 24.364901,17.4,233.50,16,30,-2,95,-27,4,-4,-3,-1024,1,0,1,1,-1,-1,0x0000000000000000,1500,1538,1487,1500,2012,1500,2012,2012,988,988,1500,1500,1500,1500,1500,1500,1500,1500,1500,1500,1500,1500,1500,1500,1500,1500,1500,1500,1500,1500,1500,1500,8.1
2026-08-05,14:51:20.430,"AIR",0.68,-0.48,-2.51,14.6,23.6,790,7,-58,0,100,13,0,27,100,-55,100,12,60.999863 24.364847,31.9,204.80,24,30,-60,-136,112,90,-4,-3,-1024,1,0,1,1,-1,-1,0x0000000000000000,1535,1441,1556,1480,2012,1500,2012,2012,988,988,1500,1500,1500,1500,1500,1500,1500,1500,1500,1500,1500,1500,1500,1500,1500,1500,1500,1500,1500,1500,1500,1500,8.1
2026-08-05,14:51:21.430,"AIR",0.40,-0.31,-2.70,14.5,22.9,798,6,-51,0,99,13,0,27,100,-49,99,13,60.999739 24.364748,52.7,199.70,24,30,-18,-329,134,1,-4,-3,-1024,1,0,1,1,-1,-1,0x0000000000000000,1500,1343,1567,1500,2012,1500,2012,2012,988,988,1500,1500,1500,1500,1500,1500,1500,1500,1500,1500,1500,1500,1500,1500,1500,1500,1500,1500,1500,1500,1500,1500,8.1
2026-08-05,14:51:22.430,"AIR",-0.15,-0.72,-3.06,14.4,17.4,802,5,-48,0,99,13,0,27,100,-55,98,12,60.999621 24.364659,40.2,199.30,21,30,-322,376,-1024,-510,-4,-3,-1024,1,0,1,1,-1,-1,0x0000000000000000,1251,1681,988,1346,2012,1500,2012,2012,988,988,1500,1500,1500,1500,1500,1500,1500,1500,1500,1500,1500,1500,1500,1500,1500,1500,1500,1500,1500,1500,1500,1500,8.1
2026-08-05,14:51:23.430,"AIR",0.74,-2.46,-2.47,14.9,4.4,803,5,-54,0,99,12,0,27,100,-43,100,13,60.999553 24.364617,23.4,193.50,14,29,-36,-534,-69,-334,-4,-3,-1024,1,0,1,1,-1,-1,0x0000000000000000,1340,1238,1466,1492,2012,1500,2012,2012,988,988,1500,1500,1500,1500,1500,1500,1500,1500,1500,1500,1500,1500,1500,1500,1500,1500,1500,1500,1500,1500,1500,1500,8.1
2026-08-05,14:51:24.430,"AIR",1.04,-0.42,1.06,14.6,24.2,807,5,-57,0,97,12,0,27,100,-60,97,12,60.999523 24.364643,21.2,62.00,22,29,-216,47,23,211,-4,-3,-1024,1,0,1,1,-1,-1,0x0000000000000000,1597,1513,1511,1401,2012,1500,2012,2012,988,988,1500,1500,1500,1500,1500,1500,1500,1500,1500,1500,1500,1500,1500,1500,1500,1500,1500,1500,1500,1500,1500,1500,8.1
2026-08-05,14:51:25.430,"AIR",0.86,0.32,0.38,14.6,17.4,814,4,-57,0,97,12,0,27,100,-51,99,13,60.999596 24.364764,46.4,34.20,18,30,-2,110,43,-87,-4,-3,-1024,1,0,1,1,-1,-1,0x0000000000000000,1466,1545,1521,1500,2012,1500,2012,2012,988,988,1500,1500,1500,1500,1500,1500,1500,1500,1500,1500,1500,1500,1500,1500,1500,1500,1500,1500,1500,1500,1500,1500,8.1
2026-08-05,14:51:26.430,"AIR",0.85,0.26,0.37,14.5,20.8,819,3,-47,0,98,13,0,27,100,-48,98,12,60.999717 24.364932,59.7,33.20,24,30,-35,-220,61,-49,-4,-3,-1024,1,0,1,1,-1,-1,0x0000000000000000,1486,1398,1530,1493,2012,1500,2012,2012,988,988,1500,1500,1500,1500,1500,1500,1500,1500,1500,1500,1500,1500,1500,1500,1500,1500,1500,1500,1500,1500,1500,1500,8.1
2026-08-05,14:51:27.430,"AIR",0.33,0.16,0.49,14.5,21.0,825,2,-52,0,100,13,0,27,100,-50,100,12,60.999836 24.365089,64.3,31.50,23,30,-68,-302,95,-36,-4,-3,-1024,1,0,1,1,-1,-1,0x0000000000000000,1492,1357,1547,1476,2012,1500,2012,2012,988,988,1500,1500,1500,1500,1500,1500,1500,1500,1500,1500,1500,1500,1500,1500,1500,1500,1500,1500,1500,1500,1500,1500,8.1
2026-08-05,14:51:28.430,"AIR",0.54,-0.16,0.31,14.5,13.0,829,2,-57,0,97,12,0,27,100,-52,98,12,60.999958 24.365245,45.8,30.00,17,30,-236,114,-956,-596,-4,-3,-1024,1,0,1,1,-1,-1,0x0000000000000000,1207,1547,1022,1390,2012,1500,2012,2012,988,988,1500,1500,1500,1500,1500,1500,1500,1500,1500,1500,1500,1500,1500,1500,1500,1500,1500,1500,1500,1500,1500,1500,8.1
2026-08-05,14:51:29.430,"AIR",1.30,-1.65,-0.51,14.8,14.9,831,2,-66,0,99,12,0,27,100,-74,99,11,61.000034 24.365324,39.9,22.00,18,29,-195,-69,227,-193,-4,-3,-1024,1,0,1,1,-1,-1,0x0000000000000000,1412,1475,1613,1411,2012,1500,2012,2012,988,988,1500,1500,1500,1500,1500,1500,1500,1500,1500,1500,1500,1500,1500,1500,1500,1500,1500,1500,1500,1500,1500,1500,8.1
2026-08-05,14:51:30.430,"AIR",0.27,-0.26,-2.58,14.4,28.8,838,1,-72,0,92,10,0,27,100,-56,98,13,61.000090 24.365261,37.4,246.90,23,29,-2,-102,383,-2,-4,-3,-1024,1,0,1,1,-1,-1,0x0000000000000000,1500,1459,1691,1500,2012,1500,2012,2012,988,988,1500,1500,1500,1500,1500,1500,1500,1500,1500,1500,1500,1500,1500,1500,1500,1500,1500,1500,1500,1500,1500,1500,8.1
2026-08-05,14:51:31.430,"AIR",0.40,-0.25,-2.57,14.4,21.5,847,0,-58,0,100,12,0,27,100,-59,100,12,61.000039 24.365123,43.0,223.10,22,30,-45,-4,79,-27,-4,-3,-1024,1,0,1,1,-1,-1,0x0000000000000000,1497,1500,1539,1488,2012,1500,2012,2012,988,988,1500,1500,1500,1500,1500,1500,1500,1500,1500,1500,1500,1500,1500,1500,1500,1500,1500,1500,1500,1500,1500,1500,8.1
2026-08-05,14:51:32.430,"AIR",0.66,-0.27,-2.54,14.5,15.6,851,0,-64,0,98,13,0,27,100,-60,98,9,60.999936 24.364952,43.8,215.80,22,29,-18,3,-99,-87,-4,-3,-1024,1,0,1,1,-1,-1,0x0000000000000000,1466,1500,1451,1500,2012,1500,2012,2012,988,988,1500,1500,1500,1500,1500,1500,1500,1500,1500,1500,1500,1500,1500,1500,1500,1500,1500,1500,1500,1500,1500,1500,8.1
2026-08-05,14:51:33.430,"AIR",0.56,-0.30,-2.60,14.5,19.9,856,0,-54,0,98,13,0,27,100,-52,99,12,60.999865 24.364849,44.5,212.60,26,30,-20,8,22,-1,-4,-3,-1024,1,0,1,1,-1,-1,0x0000000000000000,1500,1500,1511,1500,2012,1500,2012,2012,988,988,1500,1500,1500,1500,1500,1500,1500,1500,1500,1500,1500,1500,1500,1500,1500,1500,1500,1500,1500,1500,1500,1500,8.1
2026-08-05,14:51:34.430,"AIR",0.23,-0.24,-2.71,14.4,23.8,863,0,-50,0,98,13,0,27,100,-50,98,12,60.999750 24.364719,49.8,206.40,29,30,-287,-9,-451,-484,-4,-3,-1024,1,0,1,1,-1,-1,0x0000000000000000,1264,1500,1275,1364,2012,1500,2012,2012,988,988,1500,1500,1500,1500,1500,1500,1500,1500,1500,1500,1500,1500,1500,1500,1500,1500,1500,1500,1500,1500,1500,1500,8.1
2026-08-05,14:51:35.430,"AIR",0.53,2.97,-2.70,14.7,3.5,865,0,-51,0,98,13,0,27,100,-48,98,13,60.999618 24.364618,31.9,190.10,19,29,87,-790,413,-15,-4,-3,-1024,1,0,1,1,-1,-1,0x0000000000000000,1500,1108,1706,1534,2012,1500,2012,2012,988,988,1500,1500,1500,1500,1500,1500,1500,1500,1500,1500,1500,1500,1500,1500,1500,1500,1500,1500,1500,1500,1500,1500,8.1
2026-08-05,14:51:36.430,"AIR",0.74,0.27,0.58,14.4,15.9,873,0,-54,0,99,12,0,27,100,-52,98,12,60.999609 24.364625,14.5,51.30,25,28,-116,-103,-343,-73,-4,-3,-1024,1,0,1,1,-1,-1,0x0000000000000000,1473,1458,1329,1452,2012,1500,2012,2012,988,988,1500,1500,1500,1500,1500,1500,1500,1500,1500,1500,1500,1500,1500,1500,1500,1500,1500,1500,1500,1500,1500,1500,8.1
2026-08-05,14:51:37.430,"AIR",0.67,0.02,0.59,14.6,9.8,875,0,-58,0,99,12,0,27,100,-54,98,13,60.999654 24.364724,33.6,43.20,17,30,-47,52,-95,25,-4,-3,-1024,1,0,1,1,-1,-1,0x0000000000000000,1502,1516,1453,1487,2012,1500,2012,2012,988,988,1500,1500,1500,1500,1500,1500,1500,1500,1500,1500,1500,1500,1500,1500,1500,1500,1500,1500,1500,1500,1500,1500,8.1
2026-08-05,14:51:38.430,"AIR",0.65,0.08,0.55,14.5,19.1,881,0,-53,0,99,13,0,27,100,-54,99,4,60.999726 24.364837,48.1,32.80,22,30,-15,-240,106,0,-4,-3,-1024,1,0,1,1,-1,-1,0x0000000000000000,1500,1388,1553,1500,2012,1500,2012,2012,988,988,1500,1500,1500,1500,1500,1500,1500,1500,1500,1500,1500,1500,1500,1500,1500,1500,1500,1500,1500,1500,1500,1500,8.1
2026-08-05,14:51:39.430,"AIR",0.05,-0.06,0.52,14.5,12.6,887,0,-52,0,98,13,0,27,100,-50,99,12,60.999855 24.364989,53.9,27.50,26,30,-294,-19,-1024,-664,-4,-3,-1024,1,0,1,1,-1,-1,0x0000000000000000,1172,1500,988,1361,2012,1500,2012,2012,988,988,1500,1500,1500,1500,1500,1500,1500,1500,1500,1500,1500,1500,1500,1500,1500,1500,1500,1500,1500,1500,1500,1500,8.1
2026-08-05,14:51:40.430,"AIR",0.74,-1.91,-0.13,14.6,14.8,889,0,-59,0,98,13,0,27,100,-64,98,10,60.999973 24.365086,40.9,8.90,29,28,-276,67,-51,135,-4,-3,-1024,1,0,1,1,-1,-1,0x0000000000000000,1558,1523,1475,1370,2012,1500,2012,2012,988,988,1500,1500,1500,1500,1500,1500,1500,1500,1500,1500,1500,1500,1500,1500,1500,1500,1500,1500,1500,1500,1500,1500,8.1
2026-08-05,14:51:41.430,"AIR",0.96,-0.26,-2.37,14.4,24.4,896,0,-69,0,96,12,0,27,100,-65,97,12,61.000014 24.365057,19.1,265.40,27,30,0,-238,153,-35,-4,-3,-1024,1,0,1,1,-1,-1,0x0000000000000000,1493,1389,1576,1500,2012,1500,2012,2012,988,988,1500,1500,1500,1500,1500,1500,1500,1500,1500,1500,1500,1500,1500,1500,1500,1500,1500,1500,1500,1500,1500,1500,8.1
2026-08-05,14:51:42.430,"AIR",0.82,-0.20,-2.46,14.4,13.5,901,0,-69,0,95,11,0,27,100,-62,100,13,60.999964 24.364930,47.2,224.80,28,30,-10,-226,-233,-65,-4,-2,-1024,1,0,1,1,-1,-1,0x0000000000000000,1478,1395,1384,1500,2012,1500,2012,2012,988,988,1500,1500,1500,1500,1500,1500,1500,1500,1500,1500,1500,1500,1500,1500,1500,1500,1500,1500,1500,1500,1500,1500,8.1
2026-08-05,14:51:43.430,"AIR",0.59,-0.23,-2.53,14.5,12.6,905,0,-55,0,99,12,0,27,100,-49,97,13,60.999865 24.364738,50.9,221.50,22,30,-31,-17,-417,-25,-4,-3,-1024,1,0,1,1,-1,-1,0x0000000000000000,1498,1500,1292,1495,2012,1500,2012,2012,988,988,1500,1500,1500,1500,1500,1500,1500,1500,1500,1500,1500,1500,1500,1500,1500,1500,1500,1500,1500,1500,1500,1500,8.1
2026-08-05,14:51:44.430,"AIR",0.47,-0.20,-2.58,14.6,16.4,908,0,-50,0,99,13,0,27,100,-48,99,12,60.999786 24.364606,49.4,217.20,15,30,1,2,57,-1,-4,-3,-1024,1,0,1,1,-1,-1,0x0000000000000000,1500,1500,1528,1500,2012,1500,2012,2012,988,988,1500,1500,1500,1500,1500,1500,1500,1500,1500,1500,1500,1500,1500,1500,1500,1500,1500,1500,1500,1500,1500,1500,8.1
2026-08-05,14:51:45.430,"AIR",0.40,-0.15,-2.60,14.5,16.3,913,0,-51,0,98,13,0,27,100,-51,98,13,60.999665 24.364433,47.2,213.20,18,30,-2,86,-157,-27,-4,-3,-1024,1,0,1,1,-1,-1,0x0000000000000000,1497,1533,1422,1500,2012,1500,2012,2012,988,988,1500,1500,1500,1500,1500,1500,1500,1500,1500,1500,1500,1500,1500,1500,1500,1500,1500,1500,1500,1500,1500,1500,8.1
2026-08-05,14:51:46.430,"AIR",0.51,-0.16,-2.59,14.6,8.8,916,0,-52,0,99,13,0,27,100,-51,100,12,60.999565 24.364293,40.9,214.90,17,30,0,2,-160,-97,-4,-3,-1024,1,0,1,1,-1,-1,0x0000000000000000,1461,1500,1420,1500,2012,1500,2012,2012,988,988,1500,1500,1500,1500,1500,1500,1500,1500,1500,1500,1500,1500,1500,1500,1500,1500,1500,1500,1500,1500,1500,1500,8.1
2026-08-05,14:51:47.430,"AIR",0.53,-0.22,-2.60,14.6,16.7,920,0,-51,0,99,13,0,27,100,-49,96,13,60.999488 24.364190,41.9,210.40,19,30,1,1,-189,123,-4,-3,-1024,1,0,1,1,-1,-1,0x0000000000000000,1552,1500,1406,1500,2012,1500,2012,2012,988,988,1500,1500,1500,1500,1500,1500,1500,1500,1500,1500,1500,1500,1500,1500,1500,1500,1500,1500,1500,1500,1500,1500,8.1
2026-08-05,14:51:48.430,"AIR",0.56,-0.13,-2.59,14.6,10.3,923,0,-49,0,100,13,0,27,100,-46,99,12,60.999397 24.364082,40.7,211.30,17,30,0,-22,-216,-54,-4,-3,-1024,1,0,1,1,-1,-1,0x0000000000000000,1483,1499,1392,1500,2012,1500,2012,2012,988,988,1500,1500,1500,1500,1500,1500,1500,1500,1500,1500,1500,1500,1500,1500,1500,1500,1500,1500,1500,1500,1500,1500,8.1
2026-08-05,14:51:49.430,"AIR",0.51,-0.15,-2.58,14.6,17.6,927,0,-46,0,100,13,0,27,100,-46,100,13,60.999320 24.363979,41.4,214.40,19,30,-17,-11,-100,-5,-4,-3,-1024,1,0,1,1,-1,-1,0x0000000000000000,1500,1500,1450,1500,2012,1500,2012,2012,988,988,1500,1500,1500,1500,1500,1500,1500,1500,1500,1500,1500,1500,1500,1500,1500,1500,1500,1500,1500,1500,1500,1500,8.1
2026-08-05,14:51:50.430,"AIR",0.52,-0.23,-2.59,14.5,13.4,932,0,-47,0,100,13,0,27,100,-46,100,13,60.999222 24.363837,45.2,214.20,19,30,-136,3,-237,28,-4,-3,-1024,1,0,1,1,-1,-1,0x0000000000000000,1504,1500,1382,1441,2012,1500,2012,2012,988,988,1500,1500,1500,1500,1500,1500,1500,1500,1500,1500,1500,1500,1500,1500,1500,1500,1500,1500,1500,1500,1500,1500,8.1
2026-08-05,14:51:51.430,"AIR",0.54,-0.15,-2.66,14.5,15.8,935,0,-48,0,98,13,0,27,100,-46,100,11,60.999117 24.363703,45.2,210.00,19,30,-10,-76,-90,-1,-4,-3,-1024,1,0,1,1,-1,-1,0x0000000000000000,1500,1472,1455,1500,2012,1500,2012,2012,988,988,1500,1500,1500,1500,1500,1500,1500,1500,1500,1500,1500,1500,1500,1500,1500,1500,1500,1500,1500,1500,1500,1500,8.1
2026-08-05,14:51:52.430,"AIR",0.52,-0.15,-2.82,14.5,14.6,940,0,-49,0,99,12,0,27,100,-51,100,12,60.999036 24.363609,47.8,208.10,21,30,-199,114,-178,-120,-4,-3,-1024,1,0,1,1,-1,-1,0x0000000000000000,1449,1547,1411,1409,2012,1500,2012,2012,988,988,1500,1500,1500,1500,1500,1500,1500,1500,1500,1500,1500,1500,1500,1500,1500,1500,1500,1500,1500,1500,1500,1500,8.1
2026-08-05,14:51:53.430,"AIR",0.71,-0.12,2.65,14.6,13.0,943,0,-60,0,100,12,0,27,100,-60,100,12,60.998904 24.363489,48.3,195.90,21,30,-296,0,-267,-401,-4,-3,-1024,1,0,1,1,-1,-1,0x0000000000000000,1306,1500,1367,1360,2012,1500,2012,2012,988,988,1500,1500,1500,1500,1500,1500,1500,1500,1500,1500,1500,1500,1500,1500,1500,1500,1500,1500,1500,1500,1500,1500,8.1
2026-08-05,14:51:54.430,"AIR",0.93,-0.52,1.65,14.6,10.2,947,0,-51,0,100,13,0,27,100,-47,100,13,60.998813 24.363467,40.9,171.70,21,29,-143,-203,27,-216,-4,-3,-1024,1,0,1,1,-1,-1,0x0000000000000000,1401,1407,1513,1438,2012,1500,2012,2012,988,988,1500,1500,1500,1500,1500,1500,1500,1500,1500,1500,1500,1500,1500,1500,1500,1500,1500,1500,1500,1500,1500,1500,8.1
2026-08-05,14:51:55.430,"AIR",0.76,-0.23,0.90,14.5,11.3,950,0,-51,0,100,12,0,27,100,-50,100,13,60.998760 24.363578,28.6,85.30,17,28,-50,-112,-321,109,-4,-3,-1024,1,0,1,1,-1,-1,0x0000000000000000,1545,1454,1340,1485,2012,1500,2012,2012,988,988,1500,1500,1500,1500,1500,1500,1500,1500,1500,1500,1500,1500,1500,1500,1500,1500,1500,1500,1500,1500,1500,1500,8.1
2026-08-05,14:51:56.430,"AIR",0.54,-0.07,0.83,14.7,8.2,952,0,-51,0,99,13,0,27,100,-50,100,13,60.998793 24.363704,34.5,49.70,12,29,-1,-166,241,109,-4,-3,-1024,1,0,1,1,-1,-1,0x0000000000000000,1545,1426,1620,1500,2012,1500,2012,2012,988,988,1500,1500,1500,1500,1500,1500,1500,1500,1500,1500,1500,1500,1500,1500,1500,1500,1500,1500,1500,1500,1500,1500,8.1
2026-08-05,14:51:57.430,"AIR",0.50,0.00,0.74,14.5,13.2,958,0,-50,0,99,13,0,27,100,-50,100,12,60.998870 24.363859,46.4,40.40,17,30,-83,3,-247,-136,-4,-3,-1024,1,0,1,1,-1,-1,0x0000000000000000,1441,1500,1377,1468,2012,1500,2012,2012,988,988,1500,1500,1500,1500,1500,1500,1500,1500,1500,1500,1500,1500,1500,1500,1500,1500,1500,1500,1500,1500,1500,1500,8.1
2026-08-05,14:51:58.430,"AIR",0.49,-0.02,0.64,14.6,10.4,961,0,-50,0,99,13,0,27,100,-52,98,13,60.998955 24.363998,49.4,35.00,16,30,-78,3,-256,25,-4,-3,-1024,1,0,1,1,-1,-1,0x0000000000000000,1502,1500,1372,1471,2012,1500,2012,2012,988,988,1500,1500,1500,1500,1500,1500,1500,1500,1500,1500,1500,1500,1500,1500,1500,1500,1500,1500,1500,1500,1500,1500,8.1
2026-08-05,14:51:59.430,"AIR",0.47,0.02,0.49,14.6,9.8,963,0,-53,0,97,13,0,27,100,-53,96,11,60.999073 24.364140,49.4,26.30,15,30,1,-20,-118,100,-4,-3,-1024,1,0,1,1,-1,-1,0x0000000000000000,1540,1500,1441,1500,2012,1500,2012,2012,988,988,1500,1500,1500,1500,1500,1500,1500,1500,1500,1500,1500,1500,1500,1500,1500,1500,1500,1500,1500,1500,1500,1500,8.1
2026-08-05,14:52:00.430,"AIR",0.44,0.08,0.46,14.6,11.5,967,0,-54,0,96,13,0,27,100,-53,95,12,60.999163 24.364227,51.2,24.80,15,30,2,-1,-216,16,-4,-3,-1024,1,0,1,1,-1,-1,0x0000000000000000,1500,1500,1392,1500,2012,1500,2012,2012,988,988,1500,1500,1500,1500,1500,1500,1500,1500,1500,1500,1500,1500,1500,1500,1500,1500,1500,1500,1500,1500,1500,1500,8.1
2026-08-05,14:52:01.430,"AIR",0.44,0.04,0.47,14.6,10.8,970,0,-56,0,99,12,0,27,100,-56,99,12,60.999301 24.364368,51.5,27.10,14,30,-1,-62,-301,-47,-4,-3,-1024,1,0,1,1,-1,-1,0x0000000000000000,1487,1479,1350,1500,2012,1500,2012,2012,988,988,1500,1500,1500,1500,1500,1500,1500,1500,1500,1500,1500,1500,1500,1500,1500,1500,1500,1500,1500,1500,1500,1500,8.1
2026-08-05,14:52:02.430,"AIR",0.38,0.01,0.46,14.6,11.9,974,0,-58,0,96,12,0,27,100,-59,97,13,60.999404 24.364476,51.4,25.60,13,30,1,-104,9,-24,-4,-3,-1024,1,0,1,1,-1,-1,0x0000000000000000,1498,1458,1504,1500,2012,1500,2012,2012,988,988,1500,1500,1500,1500,1500,1500,1500,1500,1500,1500,1500,1500,1500,1500,1500,1500,1500,1500,1500,1500,1500,1500,8.1
2026-08-05,14:52:03.430,"AIR",0.35,0.01,0.44,14.6,9.9,977,0,-60,0,98,12,0,27,100,-59,97,9,60.999546 24.364613,52.9,24.50,12,30,3,-3,-164,-1,-4,-3,-1024,1,0,1,1,-1,-1,0x0000000000000000,1500,1500,1418,1500,2012,1500,2012,2012,988,988,1500,1500,1500,1500,1500,1500,1500,1500,1500,1500,1500,1500,1500,1500,1500,1500,1500,1500,1500,1500,1500,1500,8.1
2026-08-05,14:52:04.430,"AIR",0.39,0.00,0.42,14.6,9.5,980,0,-60,0,95,12,0,27,100,-54,93,5,60.999652 24.364712,52.0,24.10,12,30,-1,7,-226,-70,-4,-3,-1024,1,0,1,1,-1,-1,0x0000000000000000,1475,1500,1387,1500,2012,1500,2012,2012,988,988,1500,1500,1500,1500,1500,1500,1500,1500,1500,1500,1500,1500,1500,1500,1500,1500,1500,1500,1500,1500,1500,1500,8.1
2026-08-05,14:52:05.430,"AIR",0.39,-0.04,0.41,14.5,14.4,983,0,-52,0,97,12,0,27,100,-50,97,12,60.999783 24.364832,53.6,23.40,16,30,-1,-54,-252,-66,-4,-3,-1024,1,0,1,1,-1,-1,0x0000000000000000,1477,1483,1374,1500,2012,1500,2012,2012,988,988,1500,1500,1500,1500,1500,1500,1500,1500,1500,1500,1500,1500,1500,1500,1500,1500,1500,1500,1500,1500,1500,1500,8.1
2026-08-05,14:52:06.430,"AIR",0.38,-0.05,0.39,14.6,10.2,987,0,-52,0,100,12,0,27,100,-56,97,6,60.999881 24.364918,53.0,22.00,15,30,-12,38,-294,98,-4,-3,-1024,1,0,1,1,-1,-1,0x0000000000000000,1539,1509,1353,1500,2012,1500,2012,2012,988,988,1500,1500,1500,1500,1500,1500,1500,1500,1500,1500,1500,1500,1500,1500,1500,1500,1500,1500,1500,1500,1500,1500,8.1
2026-08-05,14:52:07.430,"AIR",0.41,-0.04,0.38,14.6,8.7,989,0,-55,0,99,13,0,27,100,-52,97,5,61.000027 24.365034,51.6,20.40,14,30,-17,-1,-379,-1,-4,-3,-1024,1,0,1,1,-1,-1,0x0000000000000000,1500,1500,1311,1500,2012,1500,2012,2012,988,988,1500,1500,1500,1500,1500,1500,1500,1500,1500,1500,1500,1500,1500,1500,1500,1500,1500,1500,1500,1500,1500,1500,8.1
2026-08-05,14:52:08.430,"AIR",0.39,0.09,0.45,14.6,8.5,992,0,-64,0,96,12,0,27,100,-58,94,6,61.000134 24.365114,50.7,19.70,14,30,526,-101,-374,265,-4,-3,-1024,1,0,1,1,-1,-1,0x0000000000000000,1624,1459,1313,1758,2012,1500,2012,2012,988,988,1500,1500,1500,1500,1500,1500,1500,1500,1500,1500,1500,1500,1500,1500,1500,1500,1500,1500,1500,1500,1500,1500,8.1
2026-08-05,14:52:09.430,"AIR",0.57,0.11,2.50,14.6,11.7,994,0,-54,0,99,13,0,27,100,-61,97,12,61.000251 24.365228,38.2,37.50,20,30,169,1,-256,82,-4,-3,-1024,1,0,1,1,-1,-1,0x0000000000000000,1531,1500,1372,1575,2012,1500,2012,2012,988,988,1500,1500,1500,1500,1500,1500,1500,1500,1500,1500,1500,1500,1500,1500,1500,1500,1500,1500,1500,1500,1500,1500,8.1
2026-08-05,14:52:10.430,"AIR",0.66,0.16,-2.91,14.5,11.4,999,0,-62,0,97,13,0,27,100,-66,97,10,61.000286 24.365295,6.9,47.90,16,30,135,2,-320,-79,-4,-3,-1024,1,0,1,1,-1,-1,0x0000000000000000,1470,1500,1340,1558,2012,1500,2012,2012,988,988,1500,1500,1500,1500,1500,1500,1500,1500,1500,1500,1500,1500,1500,1500,1500,1500,1500,1500,1500,1500,1500,1500,8.1
2026-08-05,14:52:11.430,"AIR",0.59,-0.13,-2.72,14.6,11.8,1001,0,-67,0,98,12,0,27,100,-67,99,12,61.000272 24.365255,18.8,229.50,14,30,9,-91,-173,1,-4,-3,-1024,1,0,1,1,-1,-1,0x0000000000000000,1500,1464,1414,1500,2012,1500,2012,2012,988,988,1500,1500,1500,1500,1500,1500,1500,1500,1500,1500,1500,1500,1500,1500,1500,1500,1500,1500,1500,1500,1500,1500,8.1
2026-08-05,14:52:12.430,"AIR",0.55,-0.12,-2.70,14.6,12.2,1006,0,-69,0,93,12,0,27,100,-69,96,12,61.000246 24.365208,26.7,218.10,13,30,4,1,-221,-5,-4,-3,-1024,1,0,1,1,-1,-1,0x0000000000000000,1500,1500,1390,1500,2012,1500,2012,2012,988,988,1500,1500,1500,1500,1500,1500,1500,1500,1500,1500,1500,1500,1500,1500,1500,1500,1500,1500,1500,1500,1500,1500,8.1
2026-08-05,14:52:13.430,"AIR",0.52,-0.09,-2.63,14.6,13.3,1009,0,-72,0,96,11,0,27,100,-67,98,13,61.000191 24.365123,34.4,217.20,14,30,-1,-134,-232,-166,-4,-3,-1024,1,0,1,1,-1,-1,0x0000000000000000,1426,1442,1384,1500,2012,1500,2012,2012,988,988,1500,1500,1500,1500,1500,1500,1500,1500,1500,1500,1500,1500,1500,1500,1500,1500,1500,1500,1500,1500,1500,1500,8.1
2026-08-05,14:52:14.430,"AIR",0.41,-0.20,-2.63,14.5,9.9,1013,0,-63,0,97,13,0,27,100,-63,98,11,61.000101 24.364982,41.1,213.80,14,30,0,4,-357,27,-4,-3,-1024,1,0,1,1,-1,-1,0x0000000000000000,1503,1500,1322,1500,2012,1500,2012,2012,988,988,1500,1500,1500,1500,1500,1500,1500,1500,1500,1500,1500,1500,1500,1500,1500,1500,1500,1500,1500,1500,1500,1500,8.1
2026-08-05,14:52:15.430,"AIR",0.41,-0.14,-2.64,14.5,15.8,1016,0,-62,0,98,13,0,27,100,-63,98,14,61.000005 24.364859,41.1,210.20,16,30,2,18,-286,89,-4,-3,-1024,1,0,1,1,-1,-1,0x0000000000000000,1535,1500,1357,1500,2012,1500,2012,2012,988,988,1500,1500,1500,1500,1500,1500,1500,1500,1500,1500,1500,1500,1500,1500,1500,1500,1500,1500,1500,1500,1500,1500,8.1
2026-08-05,14:52:16.430,"AIR",0.47,-0.07,-2.60,14.6,8.1,1019,0,-54,0,95,13,0,27,100,-50,96,13,60.999934 24.364770,41.8,211.80,13,30,0,-17,-309,-36,-4,-3,-1024,1,0,1,1,-1,-1,0x0000000000000000,1492,1500,1346,1500,2012,1500,2012,2012,988,988,1500,1500,1500,1500,1500,1500,1500,1500,1500,1500,1500,1500,1500,1500,1500,1500,1500,1500,1500,1500,1500,1500,8.1
2026-08-05,14:52:17.430,"AIR",0.42,-0.15,-2.58,14.5,15.6,1022,0,-46,0,97,13,0,27,100,-44,99,13,60.999831 24.364632,41.7,213.10,15,30,-1,26,-173,13,-4,-3,-1024,1,0,1,1,-1,-1,0x0000000000000000,1500,1503,1414,1500,2012,1500,2012,2012,988,988,1500,1500,1500,1500,1500,1500,1500,1500,1500,1500,1500,1500,1500,1500,1500,1500,1500,1500,1500,1500,1500,1500,8.1
2026-08-05,14:52:18.430,"AIR",0.47,-0.15,-2.60,14.5,10.4,1026,0,-45,0,99,13,0,27,100,-44,100,13,60.999762 24.364539,40.3,212.80,15,30,-16,53,-202,-2,-4,-3,-1024,1,0,1,1,-1,-1,0x0000000000000000,1500,1516,1399,1500,2012,1500,2012,2012,988,988,1500,1500,1500,1500,1500,1500,1500,1500,1500,1500,1500,1500,1500,1500,1500,1500,1500,1500,1500,1500,1500,1500,8.1
2026-08-05,14:52:19.430,"AIR",0.53,-0.14,-2.60,14.5,11.8,1030,0,-44,0,98,13,0,27,100,-44,97,13,60.999667 24.364413,41.9,213.10,15,30,-16,-131,-221,-2,-4,-3,-1024,1,0,1,1,-1,-1,0x0000000000000000,1500,1444,1390,1500,2012,1500,2012,2012,988,988,1500,1500,1500,1500,1500,1500,1500,1500,1500,1500,1500,1500,1500,1500,1500,1500,1500,1500,1500,1500,1500,1500,8.1
2026-08-05,14:52:20.430,"AIR",0.46,-0.12,-2.61,14.5,15.8,1033,0,-44,0,98,13,0,27,100,-44,98,13,60.999551 24.364258,43.2,213.00,17,30,-23,0,-105,-15,-4,-3,-1024,1,0,1,1,-1,-1,0x0000000000000000,1500,1500,1448,1499,2012,1500,2012,2012,988,988,1500,1500,1500,1500,1500,1500,1500,1500,1500,1500,1500,1500,1500,1500,1500,1500,1500,1500,1500,1500,1500,1500,8.1
2026-08-05,14:52:21.430,"AIR",0.50,-0.11,-2.64,14.5,10.8,1038,0,-45,0,100,13,0,27,100,-45,100,12,60.999486 24.364172,45.0,212.50,18,30,0,-1,-238,1,-4,-3,-1024,1,0,1,1,-1,-1,0x0000000000000000,1500,1500,1381,1500,2012,1500,2012,2012,988,988,1500,1500,1500,1500,1500,1500,1500,1500,1500,1500,1500,1500,1500,1500,1500,1500,1500,1500,1500,1500,1500,1500,8.1
2026-08-05,14:52:22.430,"AIR",0.49,-0.10,-2.61,14.5,15.0,1040,0,-46,0,98,12,0,27,100,-45,98,13,60.999388 24.364039,42.4,213.30,17,30,-1,-74,-162,-66,-4,-3,-1024,1,0,1,1,-1,-1,0x0000000000000000,1477,1473,1419,1500,2012,1500,2012,2012,988,988,1500,1500,1500,1500,1500,1500,1500,1500,1500,1500,1500,1500,1500,1500,1500,1500,1500,1500,1500,1500,1500,1500,8.1
2026-08-05,14:52:23.430,"AIR",0.47,-0.12,-2.60,14.5,13.4,1045,0,-46,0,98,12,0,27,100,-47,98,13,60.999317 24.363939,43.1,214.80,17,30,-182,-54,-251,-243,-4,-3,-1024,1,0,1,1,-1,-1,0x0000000000000000,1387,1483,1375,1418,2012,1500,2012,2012,988,988,1500,1500,1500,1500,1500,1500,1500,1500,1500,1500,1500,1500,1500,1500,1500,1500,1500,1500,1500,1500,1500,1500,8.1
2026-08-05,14:52:24.430,"AIR",0.58,-0.29,2.98,14.5,11.4,1047,0,-63,0,99,12,0,27,100,-57,98,13,60.999219 24.363808,40.1,205.60,16,30,-282,-140,-249,-257,-4,-3,-1024,1,0,1,1,-1,-1,0x0000000000000000,1380,1439,1376,1367,2012,1500,2012,2012,988,988,1500,1500,1500,1500,1500,1500,1500,1500,1500,1500,1500,1500,1500,1500,1500,1500,1500,1500,1500,1500,1500,1500,8.1
2026-08-05,14:52:25.430,"AIR",0.65,-0.38,2.23,14.5,14.5,1052,0,-52,0,99,13,0,27,100,-49,99,13,60.999140 24.363768,32.2,176.90,17,30,-220,-142,-178,-234,-4,-3,-1024,1,0,1,1,-1,-1,0x0000000000000000,1391,1438,1411,1398,2012,1500,2012,2012,988,988,1500,1500,1500,1500,1500,1500,1500,1500,1500,1500,1500,1500,1500,1500,1500,1500,1500,1500,1500,1500,1500,1500,8.1
2026-08-05,14:52:26.430,"AIR",0.60,-0.42,1.26,14.5,12.5,1054,0,-48,0,100,12,0,27,100,-46,100,11,60.999084 24.363875,28.7,97.20,16,30,-156,-68,-171,2,-4,-3,-1024,1,0,1,1,-1,-1,0x0000000000000000,1500,1476,1415,1431,2012,1500,2012,2012,988,988,1500,1500,1500,1500,1500,1500,1500,1500,1500,1500,1500,1500,1500,1500,1500,1500,1500,1500,1500,1500,1500,1500,8.1
2026-08-05,14:52:27.430,"AIR",0.65,-0.21,0.87,14.5,13.6,1059,0,-48,0,99,13,0,27,100,-50,98,13,60.999098 24.363983,34.9,57.40,16,30,-2,-1,-304,119,-4,-3,-1024,1,0,1,1,-1,-1,0x0000000000000000,1550,1500,1348,1500,2012,1500,2012,2012,988,988,1500,1500,1500,1500,1500,1500,1500,1500,1500,1500,1500,1500,1500,1500,1500,1500,1500,1500,1500,1500,1500,1500,8.1
2026-08-05,14:52:28.430,"AIR",0.59,-0.03,0.66,14.5,7.4,1061,0,-50,0,100,13,0,27,100,-50,98,12,60.999186 24.364162,45.5,38.50,10,30,-37,-147,-227,-149,-5,-3,-1024,1,0,1,1,-1,-1,0x0000000000000000,1435,1436,1387,1492,2012,1500,2012,2012,988,988,1500,1500,1500,1500,1500,1500,1500,1500,1500,1500,1500,1500,1500,1500,1500,1500,1500,1500,1500,1500,1500,1500,8.1
2026-08-05,14:52:29.430,"AIR",0.43,-0.11,0.67,14.4,19.8,1065,0,-57,0,100,12,0,27,100,-51,99,9,60.999270 24.364284,48.1,30.50,15,30,-18,107,-326,1,-4,-3,-1024,1,0,1,1,-1,-1,0x0000000000000000,1500,1544,1337,1500,2012,1500,2012,2012,988,988,1500,1500,1500,1500,1500,1500,1500,1500,1500,1500,1500,1500,1500,1500,1500,1500,1500,1500,1500,1500,1500,1500,8.1
2026-08-05,14:52:30.430,"AIR",0.42,-0.05,0.59,14.5,13.3,1069,0,-52,0,99,13,0,27,100,-56,100,13,60.999392 24.364418,50.9,26.40,12,30,-21,2,-57,78,-4,-3,-1024,1,0,1,1,-1,-1,0x0000000000000000,1529,1500,1472,1500,2012,1500,2012,2012,988,988,1500,1500,1500,1500,1500,1500,1500,1500,1500,1500,1500,1500,1500,1500,1500,1500,1500,1500,1500,1500,1500,1500,8.1
2026-08-05,14:52:31.430,"AIR",0.46,-0.01,0.51,14.4,11.8,1072,0,-65,0,99,12,0,27,100,-59,99,11,60.999518 24.364542,51.1,25.40,16,30,-33,116,-204,10,-4,-3,-1024,1,0,1,1,-1,-1,0x0000000000000000,1500,1548,1398,1494,2012,1500,2012,2012,988,988,1500,1500,1500,1500,1500,1500,1500,1500,1500,1500,1500,1500,1500,1500,1500,1500,1500,1500,1500,1500,1500,1500,8.1
2026-08-05,14:52:32.430,"AIR",0.52,0.01,0.44,14.4,13.0,1075,0,-55,0,99,13,0,27,100,-55,97,12,60.999623 24.364642,52.3,24.60,19,30,-58,28,-263,-6,-4,-3,-1024,1,0,1,1,-1,-1,0x0000000000000000,1500,1504,1369,1481,2012,1500,2012,2012,988,988,1500,1500,1500,1500,1500,1500,1500,1500,1500,1500,1500,1500,1500,1500,1500,1500,1500,1500,1500,1500,1500,1500,8.1
2026-08-05,14:52:33.430,"AIR",0.47,0.00,0.38,14.5,11.0,1079,0,-54,0,100,12,0,27,100,-53,100,12,60.999720 24.364731,52.8,23.60,17,30,-13,-17,-165,-3,-4,-3,-1024,1,0,1,1,-1,-1,0x0000000000000000,1500,1500,1418,1500,2012,1500,2012,2012,988,988,1500,1500,1500,1500,1500,1500,1500,1500,1500,1500,1500,1500,1500,1500,1500,1500,1500,1500,1500,1500,1500,1500,8.1
2026-08-05,14:52:34.430,"AIR",0.46,0.00,0.35,14.5,11.0,1082,0,-53,0,99,13,0,27,100,-55,100,13,60.999868 24.364854,54.7,21.30,17,30,-51,34,-344,-50,-4,-3,-1024,1,0,1,1,-1,-1,0x0000000000000000,1485,1507,1328,1485,2012,1500,2012,2012,988,988,1500,1500,1500,1500,1500,1500,1500,1500,1500,1500,1500,1500,1500,1500,1500,1500,1500,1500,1500,1500,1500,1500,8.1
2026-08-05,14:52:35.430,"AIR",0.44,0.00,0.33,14.5,9.3,1085,0,-55,0,100,13,0,27,100,-58,97,12,61.000007 24.364963,54.1,19.90,16,30,133,-22,-249,244,-4,-3,-1024,1,0,1,1,-1,-1,0x0000000000000000,1614,1499,1376,1557,2012,1500,2012,2012,988,988,1500,1500,1500,1500,1500,1500,1500,1500,1500,1500,1500,1500,1500,1500,1500,1500,1500,1500,1500,1500,1500,1500,8.1
2026-08-05,14:52:36.430,"AIR",0.46,0.50,0.87,14.5,11.1,1087,0,-66,0,97,12,0,27,100,-62,99,12,61.000122 24.365052,53.8,23.60,16,30,302,-226,-277,301,-4,-3,-1024,1,0,1,1,-1,-1,0x0000000000000000,1643,1395,1362,1643,2012,1500,2012,2012,988,988,1500,1500,1500,1500,1500,1500,1500,1500,1500,1500,1500,1500,1500,1500,1500,1500,1500,1500,1500,1500,1500,1500,8.1
2026-08-05,14:52:37.430,"AIR",0.44,0.52,1.83,14.5,10.3,1091,0,-62,0,98,12,0,27,100,-61,100,13,61.000210 24.365179,39.1,52.70,16,30,51,0,-631,-221,-4,-3,-1024,1,0,1,1,-1,-1,0x0000000000000000,1398,1500,1185,1515,2012,1500,2012,2012,988,988,1500,1500,1500,1500,1500,1500,1500,1500,1500,1500,1500,1500,1500,1500,1500,1500,1500,1500,1500,1500,1500,1500,8.1
2026-08-05,14:52:38.430,"AIR",0.43,0.20,2.04,14.5,11.4,1093,0,-61,0,99,12,0,27,100,-57,100,12,61.000242 24.365348,24.9,85.80,14,30,76,-150,-268,11,-4,-3,-1024,1,0,1,1,-1,-1,0x0000000000000000,1500,1434,1366,1528,2012,1500,2012,2012,988,988,1500,1500,1500,1500,1500,1500,1500,1500,1500,1500,1500,1500,1500,1500,1500,1500,1500,1500,1500,1500,1500,1500,8.1
2026-08-05,14:52:39.430,"AIR",0.26,0.11,2.35,14.5,11.5,1097,0,-65,0,97,12,0,27,100,-63,95,12,61.000234 24.365445,23.2,107.40,13,30,4,10,-443,-16,-4,-3,-1024,1,0,1,1,-1,-1,0x0000000000000000,1500,1500,1279,1500,2012,1500,2012,2012,988,988,1500,1500,1500,1500,1500,1500,1500,1500,1500,1500,1500,1500,1500,1500,1500,1500,1500,1500,1500,1500,1500,1500,8.1
2026-08-05,14:52:40.430,"AIR",0.27,0.08,2.38,14.5,7.3,1099,0,-64,0,98,13,0,27,100,-59,99,5,61.000206 24.365553,17.7,125.80,10,30,142,-70,-350,149,-4,-3,-1024,1,0,1,1,-1,-1,0x0000000000000000,1565,1475,1325,1562,2012,1500,2012,2012,988,988,1500,1500,1500,1500,1500,1500,1500,1500,1500,1500,1500,1500,1500,1500,1500,1500,1500,1500,1500,1500,1500,1500,8.1
2026-08-05,14:52:41.430,"AIR",0.22,0.02,2.63,14.5,11.5,1102,0,-62,0,99,12,0,27,100,-58,99,14,61.000181 24.365609,15.2,140.30,11,29,63,4,-448,-3,-4,-3,-1024,1,0,1,1,-1,-1,0x0000000000000000,1500,1500,1276,1521,2012,1500,2012,2012,988,988,1500,1500,1500,1500,1500,1500,1500,1500,1500,1500,1500,1500,1500,1500,1500,1500,1500,1500,1500,1500,1500,1500,8.1
2026-08-05,14:52:42.430,"AIR",0.23,-0.02,2.70,14.6,5.4,1103,0,-60,0,100,12,0,27,100,-61,100,13,61.000153 24.365641,13.0,156.40,8,29,59,-5,-270,-2,-4,-3,-1024,1,0,1,1,-1,-1,0x0000000000000000,1500,1500,1365,1519,2012,1500,2012,2012,988,988,1500,1500,1500,1500,1500,1500,1500,1500,1500,1500,1500,1500,1500,1500,1500,1500,1500,1500,1500,1500,1500,1500,8.1
2026-08-05,14:52:43.430,"AIR",0.29,-0.02,-3.12,14.5,9.5,1107,0,-64,0,99,12,0,27,100,-67,96,12,61.000122 24.365665,11.8,161.60,10,29,131,3,-445,51,-4,-3,-1024,1,0,1,1,-1,-1,0x0000000000000000,1515,1500,1278,1556,2012,1500,2012,2012,988,988,1500,1500,1500,1500,1500,1500,1500,1500,1500,1500,1500,1500,1500,1500,1500,1500,1500,1500,1500,1500,1500,1500,8.1
2026-08-05,14:52:44.430,"AIR",0.31,-0.03,-2.93,14.6,7.4,1108,0,-61,0,100,13,0,27,100,-59,98,13,61.000098 24.365671,12.2,182.00,8,29,116,2,-233,48,-4,-3,-1024,1,0,1,1,-1,-1,0x0000000000000000,1514,1500,1384,1548,2012,1500,2012,2012,988,988,1500,1500,1500,1500,1500,1500,1500,1500,1500,1500,1500,1500,1500,1500,1500,1500,1500,1500,1500,1500,1500,1500,8.1
2026-08-05,14:52:45.430,"AIR",0.31,-0.04,-2.75,14.5,9.1,1111,0,-65,0,98,12,0,27,100,-67,97,13,61.000060 24.365640,17.1,211.00,8,30,46,3,-320,20,-4,-3,-1024,1,0,1,1,-1,-1,0x0000000000000000,1500,1500,1340,1513,2012,1500,2012,2012,988,988,1500,1500,1500,1500,1500,1500,1500,1500,1500,1500,1500,1500,1500,1500,1500,1500,1500,1500,1500,1500,1500,1500,8.1
2026-08-05,14:52:46.430,"AIR",0.30,-0.04,-2.68,14.5,9.5,1114,0,-52,0,99,13,0,27,100,-51,99,12,61.000023 24.365580,20.8,223.10,9,30,6,-50,-312,-7,-4,-2,-1024,1,0,1,1,-1,-1,0x0000000000000000,1500,1485,1344,1500,2012,1500,2012,2012,988,988,1500,1500,1500,1500,1500,1500,1500,1500,1500,1500,1500,1500,1500,1500,1500,1500,1500,1500,1500,1500,1500,1500,8.1
2026-08-05,14:52:47.430,"AIR",0.30,-0.05,-2.58,14.5,9.2,1116,0,-50,0,97,13,0,27,100,-64,97,11,60.999979 24.365486,24.7,228.80,9,30,-27,-1,-342,-36,-4,-3,-1024,1,0,1,1,-1,-1,0x0000000000000000,1492,1500,1329,1497,2012,1500,2012,2012,988,988,1500,1500,1500,1500,1500,1500,1500,1500,1500,1500,1500,1500,1500,1500,1500,1500,1500,1500,1500,1500,1500,1500,8.1
2026-08-05,14:52:48.430,"AIR",0.28,-0.10,-2.50,14.5,8.5,1119,0,-62,0,98,12,0,27,100,-52,98,12,60.999946 24.365404,26.7,231.30,8,30,-17,-19,-333,2,-4,-3,-1024,1,0,1,1,-1,-1,0x0000000000000000,1500,1500,1334,1500,2012,1500,2012,2012,988,988,1500,1500,1500,1500,1500,1500,1500,1500,1500,1500,1500,1500,1500,1500,1500,1500,1500,1500,1500,1500,1500,1500,8.1
2026-08-05,14:52:49.430,"AIR",0.28,-0.08,-2.45,14.5,10.2,1121,0,-47,0,99,13,0,27,100,-43,98,11,60.999898 24.365281,29.0,229.70,9,30,-72,-31,-293,-2,-4,-3,-1024,1,0,1,1,-1,-1,0x0000000000000000,1500,1495,1354,1474,2012,1500,2012,2012,988,988,1500,1500,1500,1500,1500,1500,1500,1500,1500,1500,1500,1500,1500,1500,1500,1500,1500,1500,1500,1500,1500,1500,8.1
2026-08-05,14:52:50.430,"AIR",0.27,-0.06,-2.46,14.5,10.7,1125,0,-42,0,100,13,0,27,100,-41,99,12,60.999852 24.365181,29.9,226.00,10,30,-47,-1,-319,-123,-4,-3,-1024,1,0,1,1,-1,-1,0x0000000000000000,1448,1500,1341,1487,2012,1500,2012,2012,988,988,1500,1500,1500,1500,1500,1500,1500,1500,1500,1500,1500,1500,1500,1500,1500,1500,1500,1500,1500,1500,1500,1500,8.1
2026-08-05,14:52:51.430,"AIR",0.27,-0.15,-2.47,14.5,9.2,1128,0,-42,0,97,13,0,27,100,-42,97,13,60.999794 24.365056,31.5,224.20,9,30,-21,18,-350,-79,-4,-3,-1024,1,0,1,1,-1,-1,0x0000000000000000,1470,1500,1325,1500,2012,1500,2012,2012,988,988,1500,1500,1500,1500,1500,1500,1500,1500,1500,1500,1500,1500,1500,1500,1500,1500,1500,1500,1500,1500,1500,1500,8.1
2026-08-05,14:52:52.430,"AIR",0.28,-0.13,-2.49,14.5,10.1,1130,0,-42,0,99,13,0,27,100,-41,97,13,60.999729 24.364943,30.5,215.00,10,30,-9,0,-290,47,-4,-3,-1024,1,0,1,1,-1,-1,0x0000000000000000,1513,1500,1355,1500,2012,1500,2012,2012,988,988,1500,1500,1500,1500,1500,1500,1500,1500,1500,1500,1500,1500,1500,1500,1500,1500,1500,1500,1500,1500,1500,1500,8.1
2026-08-05,14:52:53.430,"AIR",0.29,-0.11,-2.49,14.5,11.2,1133,0,-41,0,100,13,0,27,100,-41,98,13,60.999685 24.364882,29.9,214.70,11,30,-59,49,-351,-2,-4,-3,-1024,1,0,1,1,-1,-1,0x0000000000000000,1500,1514,1325,1481,2012,1500,2012,2012,988,988,1500,1500,1500,1500,1500,1500,1500,1500,1500,1500,1500,1500,1500,1500,1500,1500,1500,1500,1500,1500,1500,1500,8.1
2026-08-05,14:52:54.430,"AIR",0.35,-0.08,-2.54,14.5,8.5,1136,0,-42,0,98,13,0,27,100,-42,99,12,60.999611 24.364775,30.9,213.40,10,30,-51,-28,-321,12,-4,-3,-1024,1,0,1,1,-1,-1,0x0000000000000000,1500,1496,1340,1485,2012,1500,2012,2012,988,988,1500,1500,1500,1500,1500,1500,1500,1500,1500,1500,1500,1500,1500,1500,1500,1500,1500,1500,1500,1500,1500,1500,8.1
2026-08-05,14:52:55.430,"AIR",0.33,-0.05,-2.60,14.5,10.0,1138,0,-42,0,98,13,0,27,100,-42,98,13,60.999538 24.364680,32.1,211.10,11,30,-139,-74,-300,-132,-4,-3,-1024,1,0,1,1,-1,-1,0x0000000000000000,1443,1473,1350,1440,2012,1500,2012,2012,988,988,1500,1500,1500,1500,1500,1500,1500,1500,1500,1500,1500,1500,1500,1500,1500,1500,1500,1500,1500,1500,1500,1500,8.1
2026-08-05,14:52:56.430,"AIR",0.35,-0.12,-2.94,14.5,10.3,1141,0,-45,0,97,13,0,27,100,-48,97,13,60.999476 24.364605,32.1,208.80,11,30,-215,-84,-280,-236,-4,-3,-1024,1,0,1,1,-1,-1,0x0000000000000000,1390,1468,1360,1401,2012,1500,2012,2012,988,988,1500,1500,1500,1500,1500,1500,1500,1500,1500,1500,1500,1500,1500,1500,1500,1500,1500,1500,1500,1500,1500,1500,8.1
2026-08-05,14:52:57.430,"AIR",0.32,-0.43,2.61,14.5,10.9,1144,0,-56,0,98,12,0,27,100,-53,99,13,60.999397 24.364544,28.2,186.40,12,30,-251,-15,-309,-160,-4,-3,-1024,1,0,1,1,-1,-1,0x0000000000000000,1429,1500,1346,1383,2012,1500,2012,2012,988,988,1500,1500,1500,1500,1500,1500,1500,1500,1500,1500,1500,1500,1500,1500,1500,1500,1500,1500,1500,1500,1500,1500,8.1
2026-08-05,14:52:58.430,"AIR",0.53,-0.49,2.06,14.5,9.9,1147,0,-50,0,98,12,0,27,100,-45,96,12,60.999350 24.364571,19.3,142.20,11,30,-248,-182,-312,-169,-4,-3,-1024,1,0,1,1,-1,-1,0x0000000000000000,1424,1418,1344,1384,2012,1500,2012,2012,988,988,1500,1500,1500,1500,1500,1500,1500,1500,1500,1500,1500,1500,1500,1500,1500,1500,1500,1500,1500,1500,1500,1500,8.1
2026-08-05,14:52:59.430,"AIR",0.50,-0.38,1.16,14.5,10.9,1150,0,-45,0,98,13,0,27,100,-42,97,13,60.999339 24.364673,24.0,78.10,11,30,-228,-185,-264,73,-4,-3,-1024,1,0,1,1,-1,-1,0x0000000000000000,1527,1416,1368,1394,2012,1500,2012,2012,988,988,1500,1500,1500,1500,1500,1500,1500,1500,1500,1500,1500,1500,1500,1500,1500,1500,1500,1500,1500,1500,1500,1500,8.1
2026-08-05,14:53:00.430,"AIR",0.42,-0.08,0.77,14.5,8.3,1152,0,-47,0,98,13,0,27,100,-46,100,13,60.999368 24.364766,30.0,44.00,12,30,-2,2,-411,-1,-4,-3,-1024,1,0,1,1,-1,-1,0x0000000000000000,1500,1500,1295,1500,2012,1500,2012,2012,988,988,1500,1500,1500,1500,1500,1500,1500,1500,1500,1500,1500,1500,1500,1500,1500,1500,1500,1500,1500,1500,1500,1500,8.1
2026-08-05,14:53:01.430,"AIR",0.36,0.00,0.65,14.5,10.8,1155,0,-49,0,99,13,0,27,100,-49,100,12,60.999446 24.364884,33.7,32.30,10,30,-58,-2,-248,-2,-4,-3,-1024,1,0,1,1,-1,-1,0x0000000000000000,1500,1500,1376,1481,2012,1500,2012,2012,988,988,1500,1500,1500,1500,1500,1500,1500,1500,1500,1500,1500,1500,1500,1500,1500,1500,1500,1500,1500,1500,1500,1500,8.1
2026-08-05,14:53:02.430,"AIR",0.34,0.02,0.56,14.5,8.7,1157,0,-51,0,100,13,0,27,100,-51,100,12,60.999530 24.364985,36.2,27.80,9,30,-1,2,-341,-1,-4,-3,-1024,1,0,1,1,-1,-1,0x0000000000000000,1500,1500,1330,1500,2012,1500,2012,2012,988,988,1500,1500,1500,1500,1500,1500,1500,1500,1500,1500,1500,1500,1500,1500,1500,1500,1500,1500,1500,1500,1500,1500,8.1
2026-08-05,14:53:03.430,"AIR",0.33,0.02,0.52,14.5,9.9,1160,0,-52,0,99,13,0,27,100,-56,99,13,60.999595 24.365054,37.5,26.20,9,30,-27,2,-336,-3,-4,-3,-1024,1,0,1,1,-1,-1,0x0000000000000000,1500,1500,1332,1497,2012,1500,2012,2012,988,988,1500,1500,1500,1500,1500,1500,1500,1500,1500,1500,1500,1500,1500,1500,1500,1500,1500,1500,1500,1500,1500,1500,8.1
2026-08-05,14:53:04.430,"AIR",0.32,0.04,0.44,14.5,8.6,1162,0,-51,0,100,13,0,27,100,-48,100,12,60.999693 24.365144,40.2,22.80,9,30,-69,1,-347,-2,-4,-3,-1024,1,0,1,1,-1,-1,0x0000000000000000,1500,1500,1327,1475,2012,1500,2012,2012,988,988,1500,1500,1500,1500,1500,1500,1500,1500,1500,1500,1500,1500,1500,1500,1500,1500,1500,1500,1500,1500,1500,1500,8.1
2026-08-05,14:53:05.430,"AIR",0.30,0.05,0.37,14.5,9.5,1165,0,-44,0,100,13,0,27,100,-44,100,13,60.999777 24.365219,41.3,24.10,8,30,-112,-43,-330,-72,-4,-3,-1024,1,0,1,1,-1,-1,0x0000000000000000,1474,1489,1335,1454,2012,1500,2012,2012,988,988,1500,1500,1500,1500,1500,1500,1500,1500,1500,1500,1500,1500,1500,1500,1500,1500,1500,1500,1500,1500,1500,1500,8.1
2026-08-05,14:53:06.430,"AIR",0.17,0.03,0.21,14.4,11.9,1169,0,-48,0,99,13,0,27,100,-49,99,13,60.999882 24.365315,42.1,23.50,9,30,-97,-175,-169,-53,-4,-3,-1024,1,0,1,1,-1,-1,0x0000000000000000,1484,1421,1415,1461,2012,1500,2012,2012,988,988,1500,1500,1500,1500,1500,1500,1500,1500,1500,1500,1500,1500,1500,1500,1500,1500,1500,1500,1500,1500,1500,1500,8.1
2026-08-05,14:53:07.430,"AIR",-0.15,-0.02,0.08,14.3,15.8,1172,0,-53,0,100,13,0,27,100,-50,100,13,60.999966 24.365387,37.9,21.60,13,30,-560,3,-703,-567,-4,-3,-1024,1,0,1,1,-1,-1,0x0000000000000000,1222,1500,1148,1225,2012,1500,2012,2012,988,988,1500,1500,1500,1500,1500,1500,1500,1500,1500,1500,1500,1500,1500,1500,1500,1500,1500,1500,1500,1500,1500,1500,8.1
2026-08-05,14:53:08.430,"AIR",0.65,-0.55,-1.62,14.5,10.8,1174,0,-52,0,99,13,0,27,100,-59,100,13,61.000049 24.365443,25.3,9.80,14,30,-332,-145,-307,67,-4,-3,-1024,1,0,1,1,-1,-1,0x0000000000000000,1523,1437,1347,1341,2012,1500,2012,2012,988,988,1500,1500,1500,1500,1500,1500,1500,1500,1500,1500,1500,1500,1500,1500,1500,1500,1500,1500,1500,1500,1500,1500,8.1
2026-08-05,14:53:09.430,"AIR",0.53,-0.05,-2.36,14.5,5.8,1177,0,-70,0,98,12,0,27,100,-60,100,12,61.000076 24.365407,14.5,289.10,9,30,-121,-3,-325,-30,-4,-3,-1024,1,0,1,1,-1,-1,0x0000000000000000,1495,1500,1338,1449,2012,1500,2012,2012,988,988,1500,1500,1500,1500,1500,1500,1500,1500,1500,1500,1500,1500,1500,1500,1500,1500,1500,1500,1500,1500,1500,1500,8.1
2026-08-05,14:53:10.430,"AIR",0.44,0.00,-2.42,14.4,10.5,1179,0,-62,0,100,12,0,27,100,-66,100,11,61.000079 24.365311,20.4,264.80,11,30,-127,-79,-243,-139,-4,-3,-1024,1,0,1,1,-1,-1,0x0000000000000000,1440,1470,1379,1445,2012,1500,2012,2012,988,988,1500,1500,1500,1500,1500,1500,1500,1500,1500,1500,1500,1500,1500,1500,1500,1500,1500,1500,1500,1500,1500,1500,8.1
2026-08-05,14:53:11.430,"AIR",0.40,-0.06,-2.46,14.5,7.2,1183,0,-61,0,100,12,0,27,100,-58,100,13,61.000067 24.365212,22.9,248.80,11,30,-32,-16,-371,-37,-4,-3,-1024,1,0,1,1,-1,-1,0x0000000000000000,1492,1500,1315,1494,2012,1500,2012,2012,988,988,1500,1500,1500,1500,1500,1500,1500,1500,1500,1500,1500,1500,1500,1500,1500,1500,1500,1500,1500,1500,1500,1500,8.1
2026-08-05,14:53:12.430,"AIR",0.37,-0.07,-2.40,14.5,10.9,1185,0,-55,0,100,12,0,27,100,-54,100,13,61.000034 24.365089,24.0,234.60,10,30,-63,-17,-281,-46,-4,-3,-1024,1,0,1,1,-1,-1,0x0000000000000000,1487,1500,1360,1479,2012,1500,2012,2012,988,988,1500,1500,1500,1500,1500,1500,1500,1500,1500,1500,1500,1500,1500,1500,1500,1500,1500,1500,1500,1500,1500,1500,8.1
2026-08-05,14:53:13.430,"AIR",0.36,-0.06,-2.42,14.4,8.8,1189,0,-56,0,100,13,0,27,100,-55,98,13,60.999997 24.365003,25.7,225.30,10,30,-63,-46,-330,-56,-4,-3,-1024,1,0,1,1,-1,-1,0x0000000000000000,1482,1487,1335,1479,2012,1500,2012,2012,988,988,1500,1500,1500,1500,1500,1500,1500,1500,1500,1500,1500,1500,1500,1500,1500,1500,1500,1500,1500,1500,1500,1500,8.1
2026-08-05,14:53:14.430,"AIR",0.30,-0.07,-2.49,14.4,10.1,1191,0,-57,0,99,12,0,27,100,-54,98,12,60.999949 24.364912,27.1,220.10,9,30,-47,-10,-221,-3,-4,-3,-1024,1,0,1,1,-1,-1,0x0000000000000000,1500,1500,1390,1487,2012,1500,2012,2012,988,988,1500,1500,1500,1500,1500,1500,1500,1500,1500,1500,1500,1500,1500,1500,1500,1500,1500,1500,1500,1500,1500,1500,8.1
2026-08-05,14:53:15.430,"AIR",0.30,-0.06,-2.54,14.4,9.0,1194,0,-57,0,97,12,0,27,100,-55,94,11,60.999894 24.364827,27.6,214.00,10,30,-35,48,-376,-4,-4,-3,-1024,1,0,1,1,-1,-1,0x0000000000000000,1500,1514,1312,1493,2012,1500,2012,2012,988,988,1500,1500,1500,1500,1500,1500,1500,1500,1500,1500,1500,1500,1500,1500,1500,1500,1500,1500,1500,1500,1500,1500,8.1
2026-08-05,14:53:16.430,"AIR",0.30,-0.05,-2.55,14.4,10.3,1197,0,-56,0,99,12,0,27,100,-55,99,12,60.999825 24.364737,26.9,209.90,10,30,-1,-10,-290,-1,-4,-3,-1024,1,0,1,1,-1,-1,0x0000000000000000,1500,1500,1355,1500,2012,1500,2012,2012,988,988,1500,1500,1500,1500,1500,1500,1500,1500,1500,1500,1500,1500,1500,1500,1500,1500,1500,1500,1500,1500,1500,1500,8.1
2026-08-05,14:53:17.430,"AIR",0.30,-0.05,-2.59,14.4,10.3,1200,0,-51,0,99,13,0,27,100,-49,98,13,60.999784 24.364691,27.2,207.70,10,29,46,38,-456,-3,-4,-3,-1024,1,0,1,1,-1,-1,0x0000000000000000,1500,1509,1272,1513,2012,1500,2012,2012,988,988,1500,1500,1500,1500,1500,1500,1500,1500,1500,1500,1500,1500,1500,1500,1500,1500,1500,1500,1500,1500,1500,1500,8.1
2026-08-05,14:53:18.430,"AIR",0.29,-0.04,-2.59,14.5,9.4,1202,0,-48,0,98,13,0,27,100,-46,97,13,60.999717 24.364617,26.9,209.60,9,30,5,-67,-196,-19,-4,-3,-1024,1,0,1,1,-1,-1,0x0000000000000000,1500,1477,1402,1500,2012,1500,2012,2012,988,988,1500,1500,1500,1500,1500,1500,1500,1500,1500,1500,1500,1500,1500,1500,1500,1500,1500,1500,1500,1500,1500,1500,8.1
2026-08-05,14:53:19.430,"AIR",0.29,-0.04,-2.59,14.5,9.5,1205,0,-46,0,96,12,0,27,100,-45,97,10,60.999654 24.364540,27.0,210.50,10,30,2,63,-363,0,-4,-3,-1024,1,0,1,1,-1,-1,0x0000000000000000,1500,1521,1319,1500,2012,1500,2012,2012,988,988,1500,1500,1500,1500,1500,1500,1500,1500,1500,1500,1500,1500,1500,1500,1500,1500,1500,1500,1500,1500,1500,1500,8.1
2026-08-05,14:53:20.430,"AIR",0.30,-0.03,-2.61,14.4,11.1,1208,0,-45,0,99,13,0,27,100,-45,98,12,60.999607 24.364485,27.3,208.60,10,30,73,-28,-296,-1,-4,-3,-1024,1,0,1,1,-1,-1,0x0000000000000000,1500,1496,1352,1527,2012,1500,2012,2012,988,988,1500,1500,1500,1500,1500,1500,1500,1500,1500,1500,1500,1500,1500,1500,1500,1500,1500,1500,1500,1500,1500,1500,8.1
2026-08-05,14:53:21.430,"AIR",0.31,-0.04,-2.57,14.4,8.7,1211,0,-45,0,97,13,0,27,100,-44,96,13,60.999539 24.364406,29.4,208.70,10,30,18,41,-375,2,-4,-3,-1024,1,0,1,1,-1,-1,0x0000000000000000,1500,1510,1313,1500,2012,1500,2012,2012,988,988,1500,1500,1500,1500,1500,1500,1500,1500,1500,1500,1500,1500,1500,1500,1500,1500,1500,1500,1500,1500,1500,1500,8.1
2026-08-05,14:53:22.430,"AIR",0.31,-0.04,-2.58,14.5,7.1,1212,0,-44,0,97,13,0,27,100,-45,97,12,60.999469 24.364326,28.9,209.60,10,30,77,-54,-231,0,-4,-3,-1024,1,0,1,1,-1,-1,0x0000000000000000,1500,1483,1385,1529,2012,1500,2012,2012,988,988,1500,1500,1500,1500,1500,1500,1500,1500,1500,1500,1500,1500,1500,1500,1500,1500,1500,1500,1500,1500,1500,1500,8.1
2026-08-05,14:53:23.430,"AIR",0.30,-0.05,-2.52,14.4,10.0,1216,0,-45,0,96,13,0,27,100,-44,97,12,60.999418 24.364267,29.7,210.20,11,30,2,33,-386,16,-4,-3,-1024,1,0,1,1,-1,-1,0x0000000000000000,1500,1506,1307,1500,2012,1500,2012,2012,988,988,1500,1500,1500,1500,1500,1500,1500,1500,1500,1500,1500,1500,1500,1500,1500,1500,1500,1500,1500,1500,1500,1500,8.1
2026-08-05,14:53:24.430,"AIR",0.31,-0.04,-2.55,14.4,7.2,1217,0,-44,0,98,13,0,27,100,-44,100,12,60.999348 24.364180,29.4,212.20,9,30,4,-23,-295,0,-4,-3,-1024,1,0,1,1,-1,-1,0x0000000000000000,1500,1499,1353,1500,2012,1500,2012,2012,988,988,1500,1500,1500,1500,1500,1500,1500,1500,1500,1500,1500,1500,1500,1500,1500,1500,1500,1500,1500,1500,1500,1500,8.1
2026-08-05,14:53:25.430,"AIR",0.31,-0.04,-2.55,14.4,10.7,1221,0,-46,0,97,13,0,27,100,-46,98,13,60.999279 24.364089,30.3,213.20,10,30,1,9,-322,-53,-4,-3,-1024,1,0,1,1,-1,-1,0x0000000000000000,1484,1500,1339,1500,2012,1500,2012,2012,988,988,1500,1500,1500,1500,1500,1500,1500,1500,1500,1500,1500,1500,1500,1500,1500,1500,1500,1500,1500,1500,1500,1500,8.1
2026-08-05,14:53:26.430,"AIR",0.32,-0.10,-2.55,14.4,9.6,1224,0,-47,0,98,12,0,27,100,-46,98,12,60.999228 24.364019,31.3,213.40,10,30,1,5,-326,0,-4,-3,-1024,1,0,1,1,-1,-1,0x0000000000000000,1500,1500,1337,1500,2012,1500,2012,2012,988,988,1500,1500,1500,1500,1500,1500,1500,1500,1500,1500,1500,1500,1500,1500,1500,1500,1500,1500,1500,1500,1500,1500,8.1
2026-08-05,14:53:27.430,"AIR",0.33,-0.06,-2.57,14.4,9.1,1226,0,-49,0,98,13,0,27,100,-49,98,13,60.999153 24.363923,32.7,210.20,10,30,1,-12,-318,-1,-4,-3,-1024,1,0,1,1,-1,-1,0x0000000000000000,1500,1500,1341,1500,2012,1500,2012,2012,988,988,1500,1500,1500,1500,1500,1500,1500,1500,1500,1500,1500,1500,1500,1500,1500,1500,1500,1500,1500,1500,1500,1500,8.1
2026-08-05,14:53:28.430,"AIR",0.30,-0.06,-2.59,14.4,9.7,1228,0,-51,0,100,13,0,27,100,-52,100,13,60.999089 24.363845,33.4,211.30,10,30,0,-14,-319,-36,-4,-3,-1024,1,0,1,1,-1,-1,0x0000000000000000,1492,1500,1341,1500,2012,1500,2012,2012,988,988,1500,1500,1500,1500,1500,1500,1500,1500,1500,1500,1500,1500,1500,1500,1500,1500,1500,1500,1500,1500,1500,1500,8.1
2026-08-05,14:53:29.430,"AIR",0.30,-0.08,-2.59,14.4,8.7,1231,0,-52,0,97,13,0,27,100,-54,98,12,60.999011 24.363748,33.4,210.50,10,30,-147,-62,-344,-123,-4,-3,-1024,1,0,1,1,-1,-1,0x0000000000000000,1448,1479,1328,1436,2012,1500,2012,2012,988,988,1500,1500,1500,1500,1500,1500,1500,1500,1500,1500,1500,1500,1500,1500,1500,1500,1500,1500,1500,1500,1500,1500,8.1
2026-08-05,14:53:30.430,"AIR",0.30,-0.15,-3.11,14.4,13.0,1234,0,-57,0,96,12,0,27,100,-58,98,10,60.998932 24.363656,32.2,205.30,12,30,-249,40,-283,-242,-4,-3,-1024,1,0,1,1,-1,-1,0x0000000000000000,1387,1510,1359,1384,2012,1500,2012,2012,988,988,1500,1500,1500,1500,1500,1500,1500,1500,1500,1500,1500,1500,1500,1500,1500,1500,1500,1500,1500,1500,1500,1500,8.1
2026-08-05,14:53:31.430,"AIR",0.45,-0.27,2.58,14.4,10.7,1237,0,-61,0,99,12,0,27,100,-61,99,6,60.998867 24.363615,27.2,185.50,13,30,-286,1,-323,-255,-5,-3,-1024,1,0,1,1,-1,-1,0x0000000000000000,1381,1500,1339,1365,2012,1500,2012,2012,988,988,1500,1500,1500,1500,1500,1500,1500,1500,1500,1500,1500,1500,1500,1500,1500,1500,1500,1500,1500,1500,1500,1500,8.1
2026-08-05,14:53:32.430,"AIR",0.66,-0.29,1.42,14.4,9.3,1239,0,-51,0,100,12,0,27,100,-52,100,13,60.998810 24.363648,21.9,141.00,14,30,-246,-81,-282,-165,-3,-2,-1024,1,0,1,1,-1,-1,0x0000000000000000,1427,1469,1359,1386,2012,1500,2012,2012,988,988,1500,1500,1500,1500,1500,1500,1500,1500,1500,1500,1500,1500,1500,1500,1500,1500,1500,1500,1500,1500,1500,1500,8.1
2026-08-05,14:53:33.430,"AIR",0.52,-0.30,0.97,14.4,11.9,1243,0,-50,0,96,13,0,27,100,-51,98,13,60.998798 24.363741,24.2,81.00,14,30,-143,-64,-246,-3,-4,-4,-1024,1,0,1,1,-1,-1,0x0000000000000000,1500,1478,1377,1438,2012,1500,2012,2012,988,988,1500,1500,1500,1500,1500,1500,1500,1500,1500,1500,1500,1500,1500,1500,1500,1500,1500,1500,1500,1500,1500,1500,8.1
2026-08-05,14:53:34.430,"AIR",0.45,-0.15,0.71,14.4,9.3,1246,0,-51,0,98,13,0,27,100,-51,98,12,60.998837 24.363857,32.0,40.30,13,30,-2,-67,-339,100,-4,-3,-1024,1,0,1,1,-1,-1,0x0000000000000000,1540,1477,1331,1500,2012,1500,2012,2012,988,988,1500,1500,1500,1500,1500,1500,1500,1500,1500,1500,1500,1500,1500,1500,1500,1500,1500,1500,1500,1500,1500,1500,8.1
2026-08-05,14:53:35.430,"AIR",0.39,-0.04,0.60,14.4,8.3,1248,0,-51,0,98,13,0,27,100,-51,99,13,60.998928 24.363971,38.5,25.30,11,30,-1,-96,-232,86,-4,-3,-1024,1,0,1,1,-1,-1,0x0000000000000000,1533,1462,1384,1500,2012,1500,2012,2012,988,988,1500,1500,1500,1500,1500,1500,1500,1500,1500,1500,1500,1500,1500,1500,1500,1500,1500,1500,1500,1500,1500,1500,8.1
2026-08-05,14:53:36.430,"AIR",0.36,0.02,0.52,14.3,10.9,1252,0,-50,0,100,13,0,27,100,-51,99,12,60.999000 24.364039,42.0,23.70,13,30,-43,1,-272,-2,-4,-3,-1024,1,0,1,1,-1,-1,0x0000000000000000,1500,1500,1364,1489,2012,1500,2012,2012,988,988,1500,1500,1500,1500,1500,1500,1500,1500,1500,1500,1500,1500,1500,1500,1500,1500,1500,1500,1500,1500,1500,1500,8.1
2026-08-05,14:53:37.430,"AIR",0.36,0.02,0.41,14.3,10.1,1255,0,-53,0,98,12,0,27,100,-54,98,13,60.999110 24.364141,44.6,24.40,11,30,-67,-32,-298,-95,-4,-3,-1024,1,0,1,1,-1,-1,0x0000000000000000,1462,1494,1351,1477,2012,1500,2012,2012,988,988,1500,1500,1500,1500,1500,1500,1500,1500,1500,1500,1500,1500,1500,1500,1500,1500,1500,1500,1500,1500,1500,1500,8.1
2026-08-05,14:53:38.430,"AIR",0.34,-0.02,0.38,14.4,7.9,1258,0,-58,0,98,12,0,27,100,-57,96,13,60.999202 24.364224,45.3,21.00,13,30,0,1,-308,110,-4,-3,-1024,1,0,1,1,-1,-1,0x0000000000000000,1545,1500,1352,1500,2012,1500,2012,2012,988,988,1500,1500,1500,1500,1500,1500,1500,1500,1500,1500,1500,1500,1500,1500,1500,1500,1500,1500,1500,1500,1500,1500,8.1
2026-08-05,14:53:39.430,"AIR",0.32,0.04,0.35,14.3,11.5,1260,0,-59,0,99,13,0,27,100,-58,98,7,60.999331 24.364318,46.4,19.40,11,31,-86,7,-398,0,-4,-3,-1024,1,0,1,1,-1,-1,0x0000000000000000,1500,1500,1301,1467,2012,1500,2012,2012,988,988,1500,1500,1500,1500,1500,1500,1500,1500,1500,1500,1500,1500,1500,1500,1500,1500,1500,1500,1500,1500,1500,1500,8.1
2026-08-05,14:53:40.430,"AIR",0.31,0.05,0.33,14.4,10.9,1263,0,-61,0,99,12,0,27,100,-58,97,12,60.999408 24.364375,46.9,19.80,11,31,-2,1,-228,-1,-4,-3,-1024,1,0,1,1,-1,-1,0x0000000000000000,1500,1500,1386,1500,2012,1500,2012,2012,988,988,1500,1500,1500,1500,1500,1500,1500,1500,1500,1500,1500,1500,1500,1500,1500,1500,1500,1500,1500,1500,1500,1500,8.1
2026-08-05,14:53:41.430,"AIR",0.31,0.06,0.33,14.3,10.5,1267,0,-57,0,99,12,0,27,100,-56,98,13,60.999530 24.364468,47.2,18.70,14,31,1,53,-370,0,-4,-3,-1024,1,0,1,1,-1,-1,0x0000000000000000,1500,1516,1315,1500,2012,1500,2012,2012,988,988,1500,1500,1500,1500,1500,1500,1500,1500,1500,1500,1500,1500,1500,1500,1500,1500,1500,1500,1500,1500,1500,1500,8.1
2026-08-05,14:53:42.430,"AIR",0.33,0.06,0.32,14.4,6.7,1269,0,-55,0,97,13,0,27,100,-55,98,12,60.999667 24.364550,47.6,14.80,11,31,42,-3,-441,70,-4,-3,-1024,1,0,1,1,-1,-1,0x0000000000000000,1525,1500,1280,1511,2012,1500,2012,2012,988,988,1500,1500,1500,1500,1500,1500,1500,1500,1500,1500,1500,1500,1500,1500,1500,1500,1500,1500,1500,1500,1500,1500,8.1
2026-08-05,14:53:43.430,"AIR",0.25,0.09,0.33,14.4,9.5,1271,0,-51,0,100,13,0,27,100,-49,99,13,60.999758 24.364599,46.2,14.70,11,31,81,0,-115,5,-4,-3,-1024,1,0,1,1,-1,-1,0x0000000000000000,1500,1500,1443,1531,2012,1500,2012,2012,988,988,1500,1500,1500,1500,1500,1500,1500,1500,1500,1500,1500,1500,1500,1500,1500,1500,1500,1500,1500,1500,1500,1500,8.1
2026-08-05,14:53:44.430,"AIR",0.30,0.08,0.35,14.3,10.4,1274,0,-55,0,98,12,0,27,100,-55,98,12,60.999877 24.364670,44.7,18.00,10,31,113,-1,-327,78,-4,-3,-1024,1,0,1,1,-1,-1,0x0000000000000000,1529,1500,1337,1547,2012,1500,2012,2012,988,988,1500,1500,1500,1500,1500,1500,1500,1500,1500,1500,1500,1500,1500,1500,1500,1500,1500,1500,1500,1500,1500,1500,8.1
2026-08-05,14:53:45.430,"AIR",0.29,0.09,0.47,14.4,8.8,1276,0,-57,0,99,13,0,27,100,-58,100,13,60.999950 24.364721,43.6,19.90,10,31,92,-15,-311,18,-4,-3,-1024,1,0,1,1,-1,-1,0x0000000000000000,1500,1500,1345,1536,2012,1500,2012,2012,988,988,1500,1500,1500,1500,1500,1500,1500,1500,1500,1500,1500,1500,1500,1500,1500,1500,1500,1500,1500,1500,1500,1500,8.1
2026-08-05,14:53:46.430,"AIR",0.31,0.08,0.67,14.4,10.0,1278,0,-63,0,100,12,0,27,100,-62,100,13,61.000067 24.364828,42.1,27.00,11,31,127,-48,-327,48,-4,-3,-1024,1,0,1,1,-1,-1,0x0000000000000000,1514,1486,1337,1554,2012,1500,2012,2012,988,988,1500,1500,1500,1500,1500,1500,1500,1500,1500,1500,1500,1500,1500,1500,1500,1500,1500,1500,1500,1500,1500,1500,8.1
2026-08-05,14:53:47.430,"AIR",0.27,0.06,0.89,14.4,9.7,1282,0,-64,0,100,12,0,27,100,-67,100,12,61.000148 24.364925,40.8,33.90,11,31,242,5,-343,138,-4,-3,-1024,1,0,1,1,-1,-1,0x0000000000000000,1560,1500,1329,1613,2012,1500,2012,2012,988,988,1500,1500,1500,1500,1500,1500,1500,1500,1500,1500,1500,1500,1500,1500,1500,1500,1500,1500,1500,1500,1500,1500,8.1
2026-08-05,14:53:48.430,"AIR",0.35,0.14,1.54,14.4,9.1,1284,0,-77,0,100,10,0,27,100,-72,100,12,61.000233 24.365074,32.4,50.00,11,31,123,-141,-380,-53,-4,-3,-1024,1,0,1,1,-1,-1,0x0000000000000000,1484,1439,1310,1552,2012,1500,2012,2012,988,988,1500,1500,1500,1500,1500,1500,1500,1500,1500,1500,1500,1500,1500,1500,1500,1500,1500,1500,1500,1500,1500,1500,8.1
2026-08-05,14:53:49.430,"AIR",0.22,0.00,1.68,14.4,7.1,1287,0,-68,0,100,12,0,27,100,-66,100,13,61.000265 24.365188,25.2,69.20,10,31,185,-41,-337,11,-4,-3,-1024,1,0,1,1,-1,-1,0x0000000000000000,1500,1490,1332,1584,2012,1500,2012,2012,988,988,1500,1500,1500,1500,1500,1500,1500,1500,1500,1500,1500,1500,1500,1500,1500,1500,1500,1500,1500,1500,1500,1500,8.1
2026-08-05,14:53:50.430,"AIR",0.20,0.01,2.17,14.3,10.3,1289,0,-60,0,100,13,0,27,100,-56,100,13,61.000280 24.365310,20.0,81.20,11,31,133,16,-381,130,-4,-3,-1024,1,0,1,1,-1,-1,0x0000000000000000,1556,1500,1310,1557,2012,1500,2012,2012,988,988,1500,1500,1500,1500,1500,1500,1500,1500,1500,1500,1500,1500,1500,1500,1500,1500,1500,1500,1500,1500,1500,1500,8.1
2026-08-05,14:53:51.430,"AIR",0.25,0.05,2.31,14.4,7.1,1292,0,-60,0,99,13,0,27,100,-58,99,13,61.000279 24.365389,14.4,101.20,9,30,-1,-101,-452,-85,-4,-3,-1024,1,0,1,1,-1,-1,0x0000000000000000,1467,1459,1274,1500,2012,1500,2012,2012,988,988,1500,1500,1500,1500,1500,1500,1500,1500,1500,1500,1500,1500,1500,1500,1500,1500,1500,1500,1500,1500,1500,1500,8.1
2026-08-05,14:53:52.430,"AIR",0.20,-0.09,2.28,14.2,14.3,1295,0,-57,0,99,13,0,27,100,-57,99,13,61.000260 24.365452,14.1,137.20,11,30,-4,10,-461,15,-4,-3,-1024,1,0,1,1,-1,-1,0x0000000000000000,1500,1500,1270,1500,2012,1500,2012,2012,988,988,1500,1500,1500,1500,1500,1500,1500,1500,1500,1500,1500,1500,1500,1500,1500,1500,1500,1500,1500,1500,1500,1500,8.1
2026-08-05,14:53:53.430,"AIR",0.20,-0.08,2.31,14.4,6.4,1296,0,-58,0,98,12,0,27,100,-53,94,13,61.000216 24.365510,16.4,150.80,9,30,-41,-88,-375,-1,-4,-3,-1024,1,0,1,1,-1,-1,0x0000000000000000,1500,1466,1313,1490,2012,1500,2012,2012,988,988,1500,1500,1500,1500,1500,1500,1500,1500,1500,1500,1500,1500,1500,1500,1500,1500,1500,1500,1500,1500,1500,1500,8.1
2026-08-05,14:53:54.430,"AIR",0.16,-0.07,2.34,14.4,7.9,1299,0,-54,0,96,13,0,27,100,-52,98,13,61.000194 24.365534,16.6,154.30,8,30,-14,-39,-360,-4,-4,-3,-1024,1,0,1,1,-1,-1,0x0000000000000000,1500,1491,1320,1500,2012,1500,2012,2012,988,988,1500,1500,1500,1500,1500,1500,1500,1500,1500,1500,1500,1500,1500,1500,1500,1500,1500,1500,1500,1500,1500,1500,8.1
2026-08-05,14:53:55.430,"AIR",0.16,-0.07,2.37,14.4,9.5,1301,0,-54,0,96,13,0,27,100,-54,97,13,61.000152 24.365570,17.0,158.70,8,30,-32,-9,-267,3,-4,-3,-1024,1,0,1,1,-1,-1,0x0000000000000000,1500,1500,1367,1494,2012,1500,2012,2012,988,988,1500,1500,1500,1500,1500,1500,1500,1500,1500,1500,1500,1500,1500,1500,1500,1500,1500,1500,1500,1500,1500,1500,8.1
2026-08-05,14:53:56.430,"AIR",0.19,-0.06,2.43,14.3,9.2,1304,0,-52,0,97,12,0,27,100,-50,98,12,61.000114 24.365597,18.6,161.20,7,30,-57,42,-350,0,-4,-3,-1024,1,0,1,1,-1,-1,0x0000000000000000,1500,1511,1325,1482,2012,1500,2012,2012,988,988,1500,1500,1500,1500,1500,1500,1500,1500,1500,1500,1500,1500,1500,1500,1500,1500,1500,1500,1500,1500,1500,1500,8.1
2026-08-05,14:53:57.430,"AIR",0.23,-0.05,2.48,14.3,8.0,1306,0,-51,0,95,12,0,27,100,-53,94,13,61.000066 24.365628,19.3,164.00,7,30,-64,-55,-350,-28,-4,-3,-1024,1,0,1,1,-1,-1,0x0000000000000000,1496,1483,1325,1478,2012,1500,2012,2012,988,988,1500,1500,1500,1500,1500,1500,1500,1500,1500,1500,1500,1500,1500,1500,1500,1500,1500,1500,1500,1500,1500,1500,8.1
2026-08-05,14:53:58.430,"AIR",0.20,-0.04,2.47,14.4,8.7,1309,0,-55,0,99,13,0,27,100,-57,97,13,61.000011 24.365657,21.1,166.90,8,30,-102,70,-352,-2,-4,-3,-1024,1,0,1,1,-1,-1,0x0000000000000000,1500,1525,1324,1459,2012,1500,2012,2012,988,988,1500,1500,1500,1500,1500,1500,1500,1500,1500,1500,1500,1500,1500,1500,1500,1500,1500,1500,1500,1500,1500,1500,8.1
2026-08-05,14:53:59.430,"AIR",0.24,-0.03,2.43,14.4,9.5,1312,0,-49,0,97,13,0,27,100,-45,95,12,60.999964 24.365680,21.7,166.00,8,30,-84,19,-323,-1,-4,-3,-1024,1,0,1,1,-1,-1,0x0000000000000000,1500,1500,1339,1468,2012,1500,2012,2012,988,988,1500,1500,1500,1500,1500,1500,1500,1500,1500,1500,1500,1500,1500,1500,1500,1500,1500,1500,1500,1500,1500,1500,8.1
2026-08-05,14:54:00.430,"AIR",0.24,-0.03,2.42,14.3,8.8,1314,0,-43,0,99,13,0,27,100,-45,100,12,60.999906 24.365716,22.2,160.50,8,30,-151,-69,-342,-146,-4,-3,-1024,1,0,1,1,-1,-1,0x0000000000000000,1436,1475,1329,1434,2012,1500,2012,2012,988,988,1500,1500,1500,1500,1500,1500,1500,1500,1500,1500,1500,1500,1500,1500,1500,1500,1500,1500,1500,1500,1500,1500,8.1
2026-08-05,14:54:01.430,"AIR",0.20,-0.13,2.19,14.3,10.1,1317,0,-48,0,94,12,0,27,100,-42,94,13,60.999866 24.365752,21.4,152.80,9,30,-154,-1,-330,24,-4,-3,-1024,1,0,1,1,-1,-1,0x0000000000000000,1502,1500,1335,1432,2012,1500,2012,2012,988,988,1500,1500,1500,1500,1500,1500,1500,1500,1500,1500,1500,1500,1500,1500,1500,1500,1500,1500,1500,1500,1500,1500,8.1
2026-08-05,14:54:02.430,"AIR",0.23,-0.03,1.94,14.3,8.5,1320,0,-33,0,97,13,0,27,100,-34,95,13,60.999821 24.365829,18.2,129.50,9,31,-91,80,-428,32,-4,-3,-1024,1,0,1,1,-1,-1,0x0000000000000000,1506,1530,1286,1464,2012,1500,2012,2012,988,988,1500,1500,1500,1500,1500,1500,1500,1500,1500,1500,1500,1500,1500,1500,1500,1500,1500,1500,1500,1500,1500,1500,8.1
2026-08-05,14:54:03.430,"AIR",0.27,0.02,1.84,14.3,9.3,1321,0,-44,0,97,13,0,27,100,-42,95,14,60.999794 24.365925,17.6,113.10,10,30,-150,9,-327,-53,-4,-3,-1024,1,0,1,1,-1,-1,0x0000000000000000,1484,1500,1337,1434,2012,1500,2012,2012,988,988,1500,1500,1500,1500,1500,1500,1500,1500,1500,1500,1500,1500,1500,1500,1500,1500,1500,1500,1500,1500,1500,1500,8.1
2026-08-05,14:54:04.430,"AIR",0.27,0.09,1.56,14.3,8.3,1324,0,-51,0,100,13,0,27,100,-50,100,12,60.999785 24.365987,18.1,103.50,9,31,-43,18,-343,-17,-4,-3,-1024,1,0,1,1,-1,-1,0x0000000000000000,1500,1500,1329,1489,2012,1500,2012,2012,988,988,1500,1500,1500,1500,1500,1500,1500,1500,1500,1500,1500,1500,1500,1500,1500,1500,1500,1500,1500,1500,1500,1500,8.1
2026-08-05,14:54:05.430,"AIR",0.26,0.11,1.51,14.4,7.5,1326,0,-59,0,92,11,0,27,100,-54,94,13,60.999778 24.366090,18.6,94.10,9,31,158,0,-447,-5,-4,-3,-1024,1,0,1,1,-1,-1,0x0000000000000000,1500,1500,1277,1570,2012,1500,2012,2012,988,988,1500,1500,1500,1500,1500,1500,1500,1500,1500,1500,1500,1500,1500,1500,1500,1500,1500,1500,1500,1500,1500,1500,8.1
2026-08-05,14:54:06.430,"AIR",0.27,0.06,1.78,14.3,9.9,1329,0,-46,0,97,13,0,27,100,-46,97,12,60.999777 24.366165,17.9,89.40,9,31,138,2,-172,111,-4,-3,-1024,1,0,1,1,-1,-1,0x0000000000000000,1546,1500,1414,1560,2012,1500,2012,2012,988,988,1500,1500,1500,1500,1500,1500,1500,1500,1500,1500,1500,1500,1500,1500,1500,1500,1500,1500,1500,1500,1500,1500,8.1
2026-08-05,14:54:07.430,"AIR",0.30,0.07,1.99,14.3,7.8,1331,0,-44,0,94,13,0,27,100,-45,96,12,60.999780 24.366258,19.0,87.70,7,28,135,3,-399,69,-4,-3,-1024,1,0,1,1,-1,-1,0x0000000000000000,1524,1500,1301,1558,2012,1500,2012,2012,988,988,1500,1500,1500,1500,1500,1500,1500,1500,1500,1500,1500,1500,1500,1500,1500,1500,1500,1500,1500,1500,1500,1500,8.1
2026-08-05,14:54:08.430,"AIR",0.33,0.07,2.02,14.3,10.0,1334,0,-44,0,98,13,0,27,100,-44,98,12,60.999779 24.366354,18.8,93.60,7,31,-4,73,-309,-1,-4,-3,-1024,1,0,1,1,-1,-1,0x0000000000000000,1500,1527,1346,1500,2012,1500,2012,2012,988,988,1500,1500,1500,1500,1500,1500,1500,1500,1500,1500,1500,1500,1500,1500,1500,1500,1500,1500,1500,1500,1500,1500,8.1
2026-08-05,14:54:09.430,"AIR",0.40,0.05,1.96,14.3,9.9,1337,0,-46,0,94,13,0,27,100,-46,94,13,60.999768 24.366463,21.3,106.70,7,31,1,1,-323,-2,-4,-3,-1024,1,0,1,1,-1,-1,0x0000000000000000,1500,1500,1339,1500,2012,1500,2012,2012,988,988,1500,1500,1500,1500,1500,1500,1500,1500,1500,1500,1500,1500,1500,1500,1500,1500,1500,1500,1500,1500,1500,1500,8.1
2026-08-05,14:54:10.430,"AIR",0.40,0.04,1.96,14.3,9.7,1339,0,-47,0,98,13,0,27,100,-47,97,13,60.999744 24.366588,26.3,113.60,8,31,-13,36,-299,-25,-4,-3,-1024,1,0,1,1,-1,-1,0x0000000000000000,1498,1508,1351,1500,2012,1500,2012,2012,988,988,1500,1500,1500,1500,1500,1500,1500,1500,1500,1500,1500,1500,1500,1500,1500,1500,1500,1500,1500,1500,1500,1500,8.1
2026-08-05,14:54:11.430,"AIR",0.34,0.00,1.88,14.3,11.4,1342,0,-49,0,97,13,0,27,100,-49,97,12,60.999720 24.366690,28.8,116.80,9,31,-164,-6,-164,-114,-4,-3,-1024,1,0,1,1,-1,-1,0x0000000000000000,1453,1500,1418,1427,2012,1500,2012,2012,988,988,1500,1500,1500,1500,1500,1500,1500,1500,1500,1500,1500,1500,1500,1500,1500,1500,1500,1500,1500,1500,1500,1500,8.1
2026-08-05,14:54:12.430,"AIR",0.38,-0.29,1.55,14.2,12.2,1345,0,-52,0,96,13,0,27,100,-53,97,12,60.999686 24.366840,28.9,108.90,10,31,-315,-2,-331,-181,-4,-3,-1024,1,0,1,1,-1,-1,0x0000000000000000,1418,1500,1335,1350,2012,1500,2012,2012,988,988,1500,1500,1500,1500,1500,1500,1500,1500,1500,1500,1500,1500,1500,1500,1500,1500,1500,1500,1500,1500,1500,1500,8.1
2026-08-05,14:54:13.430,"AIR",0.48,-0.16,1.03,14.2,10.7,1349,0,-63,0,97,12,0,27,100,-64,96,11,60.999683 24.366995,27.5,75.10,9,30,-279,-10,-277,-191,-4,-3,-1024,1,0,1,1,-1,-1,0x0000000000000000,1413,1500,1362,1368,2012,1500,2012,2012,988,988,1500,1500,1500,1500,1500,1500,1500,1500,1500,1500,1500,1500,1500,1500,1500,1500,1500,1500,1500,1500,1500,1500,8.1
2026-08-05,14:54:14.430,"AIR",0.55,-0.13,0.09,14.2,10.1,1351,0,-73,0,96,10,0,27,100,-84,97,3,60.999718 24.367111,31.5,45.40,10,31,-187,-119,-239,-227,-4,-3,-1024,1,0,1,1,-1,-1,0x0000000000000000,1395,1450,1381,1415,2012,1500,2012,2012,988,988,1500,1500,1500,1500,1500,1500,1500,1500,1500,1500,1500,1500,1500,1500,1500,1500,1500,1500,1500,1500,1500,1500,8.1
2026-08-05,14:54:15.430,"AIR",0.57,-0.29,-0.29,14.2,14.9,1356,0,-76,0,93,11,0,27,100,-77,97,12,60.999783 24.367186,35.7,12.10,12,31,-168,-45,-189,-146,-4,-3,-1024,1,0,1,1,-1,-1,0x0000000000000000,1436,1488,1406,1425,2012,1500,2012,2012,988,988,1500,1500,1500,1500,1500,1500,1500,1500,1500,1500,1500,1500,1500,1500,1500,1500,1500,1500,1500,1500,1500,1500,8.1
2026-08-05,14:54:16.430,"AIR",0.65,-0.28,-0.63,14.2,11.4,1358,0,-77,0,95,11,0,27,100,-77,98,7,60.999901 24.367134,46.4,-324.26,11,30,-202,-85,-266,-195,-4,-3,-1024,1,0,1,1,-1,-1,0x0000000000000000,1411,1467,1367,1408,2012,1500,2012,2012,988,988,1500,1500,1500,1500,1500,1500,1500,1500,1500,1500,1500,1500,1500,1500,1500,1500,1500,1500,1500,1500,1500,1500,8.1
2026-08-05,14:54:17.430,"AIR",0.54,-0.21,-1.44,14.2,10.7,1361,0,-80,0,95,10,0,27,100,-78,98,7,60.999989 24.366994,51.8,313.90,11,30,-167,-88,-128,-91,-4,-3,-1024,1,0,1,1,-1,-1,0x0000000000000000,1464,1466,1436,1426,2012,1500,2012,2012,988,988,1500,1500,1500,1500,1500,1500,1500,1500,1500,1500,1500,1500,1500,1500,1500,1500,1500,1500,1500,1500,1500,1500,8.1
2026-08-05,14:54:18.430,"AIR",0.42,-0.15,-1.67,14.1,14.6,1366,0,-80,0,87,8,0,27,100,-77,99,9,61.000058 24.366769,52.1,290.00,11,30,-6,-50,-153,46,-4,-3,-1024,1,0,1,1,-1,-1,0x0000000000000000,1513,1485,1424,1500,2012,1500,2012,2012,988,988,1500,1500,1500,1500,1500,1500,1500,1500,1500,1500,1500,1500,1500,1500,1500,1500,1500,1500,1500,1500,1500,1500,8.1
2026-08-05,14:54:19.430,"AIR",0.38,-0.11,-1.65,14.1,12.3,1369,0,-78,0,98,9,0,27,100,-71,100,11,61.000083 24.366483,50.3,271.40,11,31,-27,-153,-259,-1,-4,-3,-1024,1,0,1,1,-1,-1,0x0000000000000000,1500,1433,1371,1497,2012,1500,2012,2012,988,988,1500,1500,1500,1500,1500,1500,1500,1500,1500,1500,1500,1500,1500,1500,1500,1500,1500,1500,1500,1500,1500,1500,8.1
2026-08-05,14:54:20.430,"AIR",0.10,-0.07,-1.71,14.2,10.9,1372,0,-72,0,98,11,0,27,100,-67,100,13,61.000078 24.366257,46.9,265.50,6,31,-150,-203,-69,-4,-4,-3,-1024,1,0,1,1,-1,-1,0x0000000000000000,1500,1407,1466,1434,2012,1500,2012,2012,988,988,1500,1500,1500,1500,1500,1500,1500,1500,1500,1500,1500,1500,1500,1500,1500,1500,1500,1500,1500,1500,1500,1500,8.1
2026-08-05,14:54:21.430,"AIR",0.03,-0.07,-1.96,14.2,6.3,1375,0,-60,0,100,12,0,27,100,-60,99,11,61.000066 24.366021,36.2,264.30,8,30,-300,-66,-328,-67,-4,-3,-1024,1,0,1,1,-1,-1,0x0000000000000000,1477,1477,1336,1358,2012,1500,2012,2012,988,988,1500,1500,1500,1500,1500,1500,1500,1500,1500,1500,1500,1500,1500,1500,1500,1500,1500,1500,1500,1500,1500,1500,8.1
2026-08-05,14:54:22.430,"AIR",0.14,-0.17,-2.72,14.2,8.9,1378,0,-69,0,99,12,0,27,100,-61,100,13,61.000059 24.365886,29.4,261.10,11,30,-13,92,-373,-1,-4,-3,-1024,1,0,1,1,-1,-1,0x0000000000000000,1500,1536,1314,1500,2012,1500,2012,2012,988,988,1500,1500,1500,1500,1500,1500,1500,1500,1500,1500,1500,1500,1500,1500,1500,1500,1500,1500,1500,1500,1500,1500,8.1
2026-08-05,14:54:23.430,"AIR",0.24,-0.10,-2.73,14.2,7.5,1380,0,-69,0,100,12,0,27,100,-68,100,12,61.000047 24.365769,23.0,254.90,11,30,1,25,-434,116,-4,-3,-1024,1,0,1,1,-1,-1,0x0000000000000000,1548,1502,1283,1500,2012,1500,2012,2012,988,988,1500,1500,1500,1500,1500,1500,1500,1500,1500,1500,1500,1500,1500,1500,1500,1500,1500,1500,1500,1500,1500,1500,8.1
2026-08-05,14:54:24.430,"AIR",0.27,0.02,-2.57,14.2,8.7,1382,0,-64,0,100,12,0,27,100,-52,100,9,61.000023 24.365648,20.5,241.00,11,31,27,-35,-352,2,-4,-3,-1024,1,0,1,1,-1,-1,0x0000000000000000,1500,1493,1324,1503,2012,1500,2012,2012,988,988,1500,1500,1500,1500,1500,1500,1500,1500,1500,1500,1500,1500,1500,1500,1500,1500,1500,1500,1500,1500,1500,1500,8.1
2026-08-05,14:54:25.430,"AIR",0.24,0.00,-2.45,14.2,8.5,1384,0,-62,0,100,13,0,27,100,-62,100,12,60.999991 24.365545,22.7,235.00,10,31,37,0,-340,-94,-4,-3,-1024,1,0,1,1,-1,-1,0x0000000000000000,1463,1500,1330,1508,2012,1500,2012,2012,988,988,1500,1500,1500,1500,1500,1500,1500,1500,1500,1500,1500,1500,1500,1500,1500,1500,1500,1500,1500,1500,1500,1500,8.1
2026-08-05,14:54:26.430,"AIR",0.23,-0.02,-2.38,14.2,10.4,1387,0,-59,0,100,12,0,27,100,-51,100,12,60.999959 24.365455,24.6,232.40,10,30,-2,-15,-263,-93,-4,-3,-1024,1,0,1,1,-1,-1,0x0000000000000000,1463,1500,1369,1500,2012,1500,2012,2012,988,988,1500,1500,1500,1500,1500,1500,1500,1500,1500,1500,1500,1500,1500,1500,1500,1500,1500,1500,1500,1500,1500,1500,8.1
2026-08-05,14:54:27.430,"AIR",0.26,-0.17,-2.50,14.2,11.3,1389,0,-51,0,100,13,0,27,100,-54,100,12,60.999912 24.365348,26.0,223.40,11,31,-170,-7,-229,-56,-4,-3,-1024,1,0,1,1,-1,-1,0x0000000000000000,1482,1500,1386,1424,2012,1500,2012,2012,988,988,1500,1500,1500,1500,1500,1500,1500,1500,1500,1500,1500,1500,1500,1500,1500,1500,1500,1500,1500,1500,1500,1500,8.1
2026-08-05,14:54:28.430,"AIR",0.28,-0.10,-2.78,14.1,11.4,1393,0,-63,0,98,12,0,27,100,-61,98,13,60.999878 24.365292,25.1,212.10,13,31,-245,26,-251,-1,-4,-3,-1024,1,0,1,1,-1,-1,0x0000000000000000,1500,1503,1375,1386,2012,1500,2012,2012,988,988,1500,1500,1500,1500,1500,1500,1500,1500,1500,1500,1500,1500,1500,1500,1500,1500,1500,1500,1500,1500,1500,1500,8.1
2026-08-05,14:54:29.430,"AIR",0.32,0.16,2.72,14.1,10.6,1395,0,-54,0,99,13,0,27,100,-61,99,13,60.999804 24.365231,22.9,194.30,14,30,-250,70,-327,-143,-4,-3,-1024,1,0,1,1,-1,-1,0x0000000000000000,1438,1525,1337,1383,2012,1500,2012,2012,988,988,1500,1500,1500,1500,1500,1500,1500,1500,1500,1500,1500,1500,1500,1500,1500,1500,1500,1500,1500,1500,1500,1500,8.1
2026-08-05,14:54:30.430,"AIR",0.28,0.12,2.25,14.2,9.1,1398,0,-55,0,98,12,0,27,100,-43,99,12,60.999748 24.365217,20.9,180.70,15,31,-229,2,-364,-117,-4,-3,-1024,1,0,1,1,-1,-1,0x0000000000000000,1451,1500,1318,1394,2012,1500,2012,2012,988,988,1500,1500,1500,1500,1500,1500,1500,1500,1500,1500,1500,1500,1500,1500,1500,1500,1500,1500,1500,1500,1500,1500,8.1
2026-08-05,14:54:31.430,"AIR",0.23,0.16,1.65,14.2,7.8,1401,0,-47,0,98,13,0,27,100,-46,97,12,60.999707 24.365230,15.0,162.40,15,31,-206,57,-377,-14,-4,-3,-1024,1,0,1,1,-1,-1,0x0000000000000000,1500,1518,1312,1406,2012,1500,2012,2012,988,988,1500,1500,1500,1500,1500,1500,1500,1500,1500,1500,1500,1500,1500,1500,1500,1500,1500,1500,1500,1500,1500,1500,8.1
2026-08-05,14:54:32.430,"AIR",0.16,0.09,1.16,14.2,7.5,1403,0,-52,0,97,12,0,27,100,-56,97,12,60.999682 24.365266,11.4,130.00,15,31,-182,25,-388,-133,-4,-3,-1024,1,0,1,1,-1,-1,0x0000000000000000,1443,1502,1306,1418,2012,1500,2012,2012,988,988,1500,1500,1500,1500,1500,1500,1500,1500,1500,1500,1500,1500,1500,1500,1500,1500,1500,1500,1500,1500,1500,1500,8.1
2026-08-05,14:54:33.430,"AIR",0.16,0.08,0.95,14.2,7.5,1405,0,-52,0,97,12,0,27,100,-52,97,14,60.999676 24.365304,8.1,92.20,14,31,-48,34,-444,-133,-4,-3,-1024,1,0,1,1,-1,-1,0x0000000000000000,1443,1507,1278,1486,2012,1500,2012,2012,988,988,1500,1500,1500,1500,1500,1500,1500,1500,1500,1500,1500,1500,1500,1500,1500,1500,1500,1500,1500,1500,1500,1500,8.1
2026-08-05,14:54:34.430,"AIR",0.17,0.03,0.91,14.2,7.8,1407,0,-51,0,95,13,0,27,100,-49,98,13,60.999689 24.365339,9.9,31.60,12,31,-76,21,-399,-132,-4,-3,-1024,1,0,1,1,-1,-1,0x0000000000000000,1443,1500,1301,1472,2012,1500,2012,2012,988,988,1500,1500,1500,1500,1500,1500,1500,1500,1500,1500,1500,1500,1500,1500,1500,1500,1500,1500,1500,1500,1500,1500,8.1
2026-08-05,14:54:35.430,"AIR",0.18,0.00,0.81,14.2,9.0,1409,0,-50,0,99,12,0,27,100,-43,97,13,60.999725 24.365356,16.1,5.00,9,31,-15,-103,-164,-2,-4,-3,-1024,1,0,1,1,-1,-1,0x0000000000000000,1500,1458,1418,1500,2012,1500,2012,2012,988,988,1500,1500,1500,1500,1500,1500,1500,1500,1500,1500,1500,1500,1500,1500,1500,1500,1500,1500,1500,1500,1500,1500,8.1
2026-08-05,14:54:36.430,"AIR",0.17,0.01,0.65,14.1,12.0,1413,0,-44,0,94,13,0,27,100,-44,96,12,60.999757 24.365360,21.1,2.70,11,31,0,90,-249,30,-4,-3,-1024,1,0,1,1,-1,-1,0x0000000000000000,1505,1535,1376,1500,2012,1500,2012,2012,988,988,1500,1500,1500,1500,1500,1500,1500,1500,1500,1500,1500,1500,1500,1500,1500,1500,1500,1500,1500,1500,1500,1500,8.1
2026-08-05,14:54:37.430,"AIR",0.25,0.02,0.44,14.1,10.7,1416,0,-50,0,98,13,0,27,100,-49,97,13,60.999832 24.365367,28.3,2.60,10,30,-1,92,-257,11,-4,-3,-1024,1,0,1,1,-1,-1,0x0000000000000000,1500,1536,1372,1500,2012,1500,2012,2012,988,988,1500,1500,1500,1500,1500,1500,1500,1500,1500,1500,1500,1500,1500,1500,1500,1500,1500,1500,1500,1500,1500,1500,8.1
2026-08-05,14:54:38.430,"AIR",0.35,0.08,0.28,14.1,10.8,1419,0,-50,0,96,13,0,27,100,-59,98,13,60.999902 24.365372,33.3,0.30,12,31,28,24,-257,35,-4,-3,-1024,1,0,1,1,-1,-1,0x0000000000000000,1507,1502,1372,1504,2012,1500,2012,2012,988,988,1500,1500,1500,1500,1500,1500,1500,1500,1500,1500,1500,1500,1500,1500,1500,1500,1500,1500,1500,1500,1500,1500,8.1
2026-08-05,14:54:39.430,"AIR",0.36,0.15,0.25,14.0,10.1,1422,0,-62,0,98,12,0,27,100,-61,96,11,61.000004 24.365375,41.0,1.40,12,31,127,-14,-292,50,-4,-3,-1024,1,0,1,1,-1,-1,0x0000000000000000,1515,1500,1354,1554,2012,1500,2012,2012,988,988,1500,1500,1500,1500,1500,1500,1500,1500,1500,1500,1500,1500,1500,1500,1500,1500,1500,1500,1500,1500,1500,1500,8.1
2026-08-05,14:54:40.430,"AIR",0.29,0.09,0.41,14.0,10.3,1425,0,-65,0,98,12,0,27,100,-70,99,11,61.000122 24.365392,44.0,6.80,11,31,339,-326,-429,58,-4,-3,-1024,1,0,1,1,-1,-1,0x0000000000000000,1519,1344,1286,1662,2012,1500,2012,2012,988,988,1500,1500,1500,1500,1500,1500,1500,1500,1500,1500,1500,1500,1500,1500,1500,1500,1500,1500,1500,1500,1500,1500,8.1
2026-08-05,14:54:41.430,"AIR",0.19,0.41,1.31,14.0,12.6,1428,0,-73,0,94,9,0,27,100,-66,97,12,61.000218 24.365423,38.5,10.10,13,31,291,-134,-201,54,-4,-3,-1024,1,0,1,1,-1,-1,0x0000000000000000,1517,1442,1400,1638,2012,1500,2012,2012,988,988,1500,1500,1500,1500,1500,1500,1500,1500,1500,1500,1500,1500,1500,1500,1500,1500,1500,1500,1500,1500,1500,1500,8.1
2026-08-05,14:54:42.430,"AIR",0.37,0.36,2.05,14.0,8.4,1431,0,-72,0,95,12,0,27,100,-71,98,12,61.000280 24.365461,20.1,24.10,13,30,198,2,-423,12,-4,-3,-1024,1,0,1,1,-1,-1,0x0000000000000000,1500,1500,1289,1590,2012,1500,2012,2012,988,988,1500,1500,1500,1500,1500,1500,1500,1500,1500,1500,1500,1500,1500,1500,1500,1500,1500,1500,1500,1500,1500,1500,8.1
2026-08-05,14:54:43.430,"AIR",0.58,0.20,2.60,14.0,9.0,1433,0,-59,0,97,12,0,27,100,-60,96,13,61.000308 24.365500,3.7,56.70,12,31,59,4,-191,-160,-4,-3,-1024,1,0,1,1,-1,-1,0x0000000000000000,1429,1500,1405,1519,2012,1500,2012,2012,988,988,1500,1500,1500,1500,1500,1500,1500,1500,1500,1500,1500,1500,1500,1500,1500,1500,1500,1500,1500,1500,1500,1500,8.1
2026-08-05,14:54:44.430,"AIR",0.59,0.05,2.67,14.0,11.8,1437,0,-56,0,98,13,0,27,100,-58,99,11,61.000292 24.365515,14.8,165.70,13,31,57,-117,-271,-37,-4,-3,-1024,1,0,1,1,-1,-1,0x0000000000000000,1492,1451,1365,1518,2012,1500,2012,2012,988,988,1500,1500,1500,1500,1500,1500,1500,1500,1500,1500,1500,1500,1500,1500,1500,1500,1500,1500,1500,1500,1500,1500,8.1
2026-08-05,14:54:45.430,"AIR",0.41,-0.01,2.80,14.0,8.0,1440,0,-58,0,98,12,0,27,100,-57,97,12,61.000252 24.365532,21.3,168.70,13,30,2,-105,-410,-81,-4,-3,-1024,1,0,1,1,-1,-1,0x0000000000000000,1469,1457,1295,1500,2012,1500,2012,2012,988,988,1500,1500,1500,1500,1500,1500,1500,1500,1500,1500,1500,1500,1500,1500,1500,1500,1500,1500,1500,1500,1500,1500,8.1
2026-08-05,14:54:46.430,"AIR",0.30,-0.04,2.84,14.0,5.9,1441,0,-57,0,98,13,0,27,100,-59,99,12,61.000180 24.365559,22.8,169.50,9,30,1,-100,-336,-30,-4,-3,-1024,1,0,1,1,-1,-1,0x0000000000000000,1495,1460,1332,1500,2012,1500,2012,2012,988,988,1500,1500,1500,1500,1500,1500,1500,1500,1500,1500,1500,1500,1500,1500,1500,1500,1500,1500,1500,1500,1500,1500,8.1
2026-08-05,14:54:47.430,"AIR",0.17,-0.06,2.86,14.0,11.0,1444,0,-59,0,96,12,0,27,100,-55,95,13,61.000143 24.365575,20.3,166.50,10,30,0,-13,-282,75,-4,-3,-1024,1,0,1,1,-1,-1,0x0000000000000000,1528,1500,1359,1500,2012,1500,2012,2012,988,988,1500,1500,1500,1500,1500,1500,1500,1500,1500,1500,1500,1500,1500,1500,1500,1500,1500,1500,1500,1500,1500,1500,8.1
2026-08-05,14:54:48.430,"AIR",0.17,-0.03,2.86,13.9,11.3,1446,0,-57,0,99,12,0,27,100,-59,99,12,61.000098 24.365601,17.3,163.70,10,30,-1,38,-364,-41,-4,-3,-1024,1,0,1,1,-1,-1,0x0000000000000000,1490,1509,1318,1500,2012,1500,2012,2012,988,988,1500,1500,1500,1500,1500,1500,1500,1500,1500,1500,1500,1500,1500,1500,1500,1500,1500,1500,1500,1500,1500,1500,8.1
2026-08-05,14:54:49.430,"AIR",0.19,-0.07,2.86,14.0,7.5,1449,0,-55,0,97,12,0,27,100,-54,97,13,61.000067 24.365620,15.8,163.70,9,30,-1,-1,-377,0,-4,-3,-1024,1,0,1,1,-1,-1,0x0000000000000000,1500,1500,1312,1500,2012,1500,2012,2012,988,988,1500,1500,1500,1500,1500,1500,1500,1500,1500,1500,1500,1500,1500,1500,1500,1500,1500,1500,1500,1500,1500,1500,8.1
2026-08-05,14:54:50.430,"AIR",0.18,-0.04,2.85,14.0,8.4,1452,0,-58,0,99,13,0,27,100,-60,99,12,61.000024 24.365648,14.7,160.10,9,30,-1,-43,-355,-64,-4,-3,-1024,1,0,1,1,-1,-1,0x0000000000000000,1478,1489,1323,1500,2012,1500,2012,2012,988,988,1500,1500,1500,1500,1500,1500,1500,1500,1500,1500,1500,1500,1500,1500,1500,1500,1500,1500,1500,1500,1500,1500,8.1
2026-08-05,14:54:51.430,"AIR",0.16,-0.04,2.84,13.9,9.6,1454,0,-58,0,95,12,0,27,100,-60,98,12,60.999992 24.365673,14.1,159.10,8,30,-1,-36,-268,38,-4,-3,-1024,1,0,1,1,-1,-1,0x0000000000000000,1509,1492,1366,1500,2012,1500,2012,2012,988,988,1500,1500,1500,1500,1500,1500,1500,1500,1500,1500,1500,1500,1500,1500,1500,1500,1500,1500,1500,1500,1500,1500,8.1
2026-08-05,14:54:52.430,"AIR",0.18,-0.02,2.83,13.9,10.7,1457,0,-62,0,99,13,0,27,100,-56,99,7,60.999964 24.365696,13.3,158.10,8,30,-1,28,-332,35,-4,-3,-1024,1,0,1,1,-1,-1,0x0000000000000000,1507,1504,1334,1500,2012,1500,2012,2012,988,988,1500,1500,1500,1500,1500,1500,1500,1500,1500,1500,1500,1500,1500,1500,1500,1500,1500,1500,1500,1500,1500,1500,8.1
2026-08-05,14:54:53.430,"AIR",0.19,-0.01,2.81,13.9,8.6,1459,0,-64,0,97,12,0,27,100,-49,98,7,60.999931 24.365725,13.0,158.60,7,30,-1,33,-378,50,-4,-3,-1024,1,0,1,1,-1,-1,0x0000000000000000,1515,1506,1311,1500,2012,1500,2012,2012,988,988,1500,1500,1500,1500,1500,1500,1500,1500,1500,1500,1500,1500,1500,1500,1500,1500,1500,1500,1500,1500,1500,1500,8.1
2026-08-05,14:54:54.430,"AIR",0.19,0.00,2.81,13.9,8.0,1461,0,-43,0,98,13,0,27,100,-42,98,13,60.999899 24.365747,11.2,163.80,7,29,-2,-158,-358,-132,-4,-3,-1024,1,0,1,1,-1,-1,0x0000000000000000,1443,1430,1321,1500,2012,1500,2012,2012,988,988,1500,1500,1500,1500,1500,1500,1500,1500,1500,1500,1500,1500,1500,1500,1500,1500,1500,1500,1500,1500,1500,1500,8.1
2026-08-05,14:54:55.430,"AIR",0.03,-0.12,2.80,13.8,9.7,1464,0,-44,0,97,13,0,27,100,-39,99,12,60.999876 24.365760,8.9,162.30,7,30,0,2,-203,176,-4,-3,-1024,1,0,1,1,-1,-1,0x0000000000000000,1579,1500,1399,1500,2012,1500,2012,2012,988,988,1500,1500,1500,1500,1500,1500,1500,1500,1500,1500,1500,1500,1500,1500,1500,1500,1500,1500,1500,1500,1500,1500,8.1
2026-08-05,14:54:56.430,"AIR",0.10,0.01,2.80,13.8,9.4,1466,0,-40,0,99,13,0,27,100,-38,100,12,60.999862 24.365775,5.3,159.80,7,30,-34,32,-362,-182,-3,-2,-1024,1,0,1,1,-1,-1,0x0000000000000000,1418,1506,1319,1493,2012,1500,2012,2012,988,988,1500,1500,1500,1500,1500,1500,1500,1500,1500,1500,1500,1500,1500,1500,1500,1500,1500,1500,1500,1500,1500,1500,8.1
2026-08-05,14:54:57.430,"AIR",0.17,-0.16,2.76,13.8,8.1,1469,0,-40,0,99,13,0,27,100,-36,99,6,60.999852 24.365777,3.0,166.00,7,30,-1,7,-311,167,-4,-3,-1024,1,0,1,1,-1,-1,0x0000000000000000,1574,1500,1345,1500,2012,1500,2012,2012,988,988,1500,1500,1500,1500,1500,1500,1500,1500,1500,1500,1500,1500,1500,1500,1500,1500,1500,1500,1500,1500,1500,1500,8.1
2026-08-05,14:54:58.430,"AIR",0.19,0.15,2.75,13.7,11.4,1472,0,-53,0,100,13,0,27,100,-52,100,13,60.999846 24.365788,5.0,136.50,8,30,11,4,-255,-143,-4,-3,-1024,1,0,1,1,-1,-1,0x0000000000000000,1438,1500,1373,1500,2012,1500,2012,2012,988,988,1500,1500,1500,1500,1500,1500,1500,1500,1500,1500,1500,1500,1500,1500,1500,1500,1500,1500,1500,1500,1500,1500,8.1
